category_1,type,category_2,project,approved,increase,decrease,committed,disbursed,remaining
งบกลาง,เงินสมทบกองทุนประกันสังคม,งบกลาง,เงินสมทบกองทุนประกันสังคม,1847460.00,0.00,0.00,15171.00,356652.00,1475637.00
งบกลาง,เงินสมทบกองทุนเงินทดแทน,งบกลาง,เงินสมทบกองทุนเงินทดแทน,80000.00,0.00,0.00,30000.00,0.00,50000.00
งบกลาง,เงินสนับสนุนโรงพยาบาลและหน่วยบริการสาธารณสุขขององค์กรปกครองส่วนท้องถิ่น,งบกลาง,เงินสนับสนุนโรงพยาบาลและหน่วยบริการสาธารณสุขขององค์กรปกครองส่วนท้องถิ่น,20648293.00,1970264.00,3700000.00,0.00,0.00,18918557.00
งบกลาง,เงินสำรองจ่าย,งบกลาง,เงินสำรองจ่าย,1500000.00,0.00,0.00,0.00,0.00,1500000.00
งบกลาง,รายจ่ายตามข้อผูกพัน,งบกลาง,เงินสมทบกองทุนบำเหน็จบำนาญข้าราชการส่วนท้องถิ่น (ก.บ.ท.),10691439.00,0.00,0.00,1736872.45,6010617.35,2943949.20
งบกลาง,รายจ่ายตามข้อผูกพัน,งบกลาง,เงินช่วยค่าครองชีพผู้รับบำนาญ (ช.ค.บ.),450000.00,0.00,0.00,36688.80,115066.40,298244.80
งบกลาง,รายจ่ายตามข้อผูกพัน,งบกลาง,เงินบำเหน็จบำนาญข้าราชการถ่ายโอน,3967991.00,0.00,0.00,309720.10,2128264.30,1530006.60
งบกลาง,รายจ่ายตามข้อผูกพัน,งบกลาง,เงินช่วยค่าครองชีพผู้รับบำนาญข้าราชการถ่ายโอน (ช.ค.บ.),79464.00,0.00,0.00,0.00,0.00,79464.00
งบกลาง,รายจ่ายตามข้อผูกพัน,งบกลาง,เงินบำเหน็จบำนาญพนักงานครู,2743966.00,0.00,0.00,0.00,0.00,2743966.00
งบกลาง,รายจ่ายตามข้อผูกพัน,งบกลาง,เงินบำเหน็จลูกจ้างประจำ,1800000.00,0.00,0.00,107381.23,322143.69,1370475.08
งบกลาง,รายจ่ายตามข้อผูกพัน,งบกลาง,เงินช่วยพิเศษผู้รับบำนาญ,10000.00,0.00,0.00,0.00,0.00,10000.00
งบกลาง,รายจ่ายตามข้อผูกพัน,งบกลาง,เงินกองทุนบำเหน็จบำนาญข้าราชการ (กบข.),2083000.00,0.00,0.00,360411.00,1079859.32,642729.68
งบกลาง,รายจ่ายตามข้อผูกพัน,งบกลาง,เงินสมทบกองทุนสำรองเลี้ยงชีพลูกจ้างประจำ (กสจ.),8900.00,0.00,0.00,0.00,0.00,8900.00
งบกลาง,รายจ่ายตามข้อผูกพัน,งบกลาง,ค่าเช่ารถยนต์ส่วนกลาง (รถบรรทุกดีเซล),5322240.00,0.00,5322240.00,0.00,0.00,0.00
งบกลาง,รายจ่ายตามข้อผูกพัน,งบกลาง,ค่าเช่ารถส่วนกลาง (รถบรรทุกดีเซล),0.00,4384800.00,0.00,3616172.00,36161.70,732466.30
งบกลาง,รายจ่ายตามข้อผูกพัน,งบกลาง,ค่าบำรุงสมาคมองค์การบริหารส่วนจังหวัดแห่งประเทศไทย,368880.00,0.00,0.00,0.00,368880.00,0.00
งบกลาง,รายจ่ายตามข้อผูกพัน,งบกลาง,เงินช่วยค่าครองชีพผู้รับบํานาญ (ช.ค.บ.) (ข้าราชการครู/ข้าราชการครูถ่ายโอน),446470.00,0.00,0.00,0.00,0.00,446470.00
งบกลาง,รายจ่ายตามข้อผูกพัน,งบกลาง,เงินบําเหน็จลูกจ้างประจํา (ลูกจ้างประจำถ่ายโอน),134026.00,0.00,0.00,0.00,0.00,134026.00
งบกลาง,รายจ่ายตามข้อผูกพัน,งบกลาง,เงินบําเหน็จลูกจ้างประจํา (ลูกจ้างประจำโรงเรียน),169164.00,0.00,0.00,0.00,0.00,169164.00
งบกลาง,รายจ่ายตามข้อผูกพัน,งบกลาง,เงินเพื่อการสงเคราะห์ผู้ป่วยที่ยากไร้,50000.00,0.00,0.00,0.00,0.00,50000.00
งบกลาง,รายจ่ายตามข้อผูกพัน,งบกลาง,เงินสมทบกองทุนฟื้นฟูสมรรถภาพที่จำเป็นต่อสุขภาพระดับจังหวัด,3150016.00,106816.00,0.00,0.00,3256832.00,0.00
งบกลาง,เงินช่วยพิเศษ,งบกลาง,เงินช่วยค่าทำศพข้าราชการ/พนักงาน,50000.00,0.00,0.00,0.00,0.00,50000.00
งบกลาง,เงินช่วยพิเศษ,งบกลาง,เงินช่วยค่าทำศพลูกจ้างประจำ,20000.00,0.00,0.00,0.00,0.00,20000.00
งบกลาง,เงินช่วยพิเศษ,งบกลาง,เงินช่วยค่าทำศพพนักงานจ้าง,30000.00,0.00,0.00,0.00,0.00,30000.00
เงินเดือน (ฝ่ายการเมือง),เงินเดือนนายก/รองนายกองค์กรปกครองส่วนท้องถิ่น,งานบริหารทั่วไป,เงินเดือนนายก/รองนายกองค์กรปกครองส่วนท้องถิ่น,1399320.00,0.00,0.00,0.00,304690.64,1094629.36
เงินเดือน (ฝ่ายการเมือง),ค่าตอบแทนประจำตำแหน่งนายก/รองนายก,งานบริหารทั่วไป,ค่าตอบแทนประจำตำแหน่งนายก/รองนายก,300000.00,0.00,0.00,0.00,65322.57,234677.43
เงินเดือน (ฝ่ายการเมือง),ค่าตอบแทนพิเศษนายก/รองนายก,งานบริหารทั่วไป,ค่าตอบแทนพิเศษนายก/รองนายก,300000.00,0.00,0.00,0.00,65322.57,234677.43
เงินเดือน (ฝ่ายการเมือง),เงินเดือนเลขานุการ/ที่ปรึกษานายกองค์การบริหารส่วนจังหวัด,งานบริหารทั่วไป,เงินเดือนเลขานุการ/ที่ปรึกษานายกองค์การบริหารส่วนจังหวัด,1166400.00,0.00,0.00,0.00,239446.46,926953.54
เงินเดือน (ฝ่ายการเมือง),ค่าตอบแทนประธานสภา/รองประธานสภา/สมาชิกสภา/เลขานุการสภาองค์กรปกครองส่วนท้องถิ่น,งานบริหารทั่วไป,ค่าตอบแทนประธานสภา/รองประธานสภา/สมาชิกสภา/เลขานุการสภาองค์กรปกครองส่วนท้องถิ่น,5865120.00,0.00,0.00,0.00,1263871.76,4601248.24
เงินเดือน (ฝ่ายประจำ),เงินเดือนข้าราชการ หรือพนักงานส่วนท้องถิ่น,งานบริหารทั่วไป,เงินเดือนข้าราชการ หรือพนักงานส่วนท้องถิ่น,20190900.00,0.00,0.00,1528318.06,4106063.22,14556518.72
เงินเดือน (ฝ่ายประจำ),เงินเพิ่มต่าง ๆ ของข้าราชการ หรือพนักงานส่วนท้องถิ่น,งานบริหารทั่วไป,เงินเพิ่มต่าง ๆ ของข้าราชการ หรือพนักงานส่วนท้องถิ่น,905700.00,0.00,0.00,54235.80,81587.42,769876.78
เงินเดือน (ฝ่ายประจำ),เงินประจำตำแหน่ง,งานบริหารทั่วไป,เงินประจำตำแหน่ง,652800.00,0.00,0.00,55574.19,87900.00,509325.81
เงินเดือน (ฝ่ายประจำ),ค่าจ้างลูกจ้างประจำ,งานบริหารทั่วไป,ค่าจ้างลูกจ้างประจำ,259680.00,0.00,0.00,21850.00,65550.00,172280.00
เงินเดือน (ฝ่ายประจำ),ค่าตอบแทนพนักงานจ้าง,งานบริหารทั่วไป,ค่าตอบแทนพนักงานจ้าง,5825750.00,0.00,0.00,370431.00,1141913.00,4313406.00
เงินเดือน (ฝ่ายประจำ),เงินเพิ่มต่าง ๆ ของพนักงานจ้าง,งานบริหารทั่วไป,เงินเพิ่มต่าง ๆ ของพนักงานจ้าง,329220.00,0.00,0.00,34080.00,105106.67,190033.33
ค่าตอบแทน,ค่าตอบแทนผู้ปฏิบัติราชการอันเป็นประโยชน์แก่องค์กรปกครองส่วนท้องถิ่น,งานบริหารทั่วไป,เงินประโยชน์ตอบแทนอื่นเป็นกรณีพิเศษ,1500000.00,0.00,0.00,0.00,0.00,1500000.00
ค่าตอบแทน,ค่าตอบแทนผู้ปฏิบัติราชการอันเป็นประโยชน์แก่องค์กรปกครองส่วนท้องถิ่น,งานบริหารทั่วไป,ค่าตอบแทนคณะกรรมการสอบสวนทางวินัย,5000.00,0.00,0.00,0.00,0.00,5000.00
ค่าตอบแทน,ค่าตอบแทนผู้ปฏิบัติราชการอันเป็นประโยชน์แก่องค์กรปกครองส่วนท้องถิ่น,งานบริหารทั่วไป,ค่าตอบแทนเจ้าหน้าที่ในการเลือกตั้ง,12700000.00,1800000.00,0.00,9494400.00,0.00,5005600.00
ค่าตอบแทน,ค่าตอบแทนผู้ปฏิบัติราชการอันเป็นประโยชน์แก่องค์กรปกครองส่วนท้องถิ่น,งานบริหารทั่วไป,ค่าตอบแทนคณะกรรมการคัดเลือกฯ,145000.00,0.00,0.00,0.00,0.00,145000.00
ค่าตอบแทน,ค่าตอบแทนผู้ปฏิบัติราชการอันเป็นประโยชน์แก่องค์กรปกครองส่วนท้องถิ่น,งานบริหารทั่วไป,ค่าตอบแทนคณะกรรมการประเมินผลงาน,1000.00,0.00,0.00,0.00,0.00,1000.00
ค่าตอบแทน,ค่าตอบแทนผู้ปฏิบัติราชการอันเป็นประโยชน์แก่องค์กรปกครองส่วนท้องถิ่น,งานบริหารทั่วไป,ค่าตอบแทนคณะกรรมการผู้ทรงคุณวุฒิฯ ประเมินผลงาน,285500.00,0.00,100000.00,0.00,0.00,185500.00
ค่าตอบแทน,ค่าตอบแทนผู้ปฏิบัติราชการอันเป็นประโยชน์แก่องค์กรปกครองส่วนท้องถิ่น,งานบริหารทั่วไป,ค่าตอบแทนคณะกรรมการสอบข้อเท็จจริงความผิดทางละเมิด,110000.00,0.00,0.00,0.00,2300.00,107700.00
ค่าตอบแทน,ค่าตอบแทนผู้ปฏิบัติราชการอันเป็นประโยชน์แก่องค์กรปกครองส่วนท้องถิ่น,งานบริหารทั่วไป,ค่าตอบแทนในการพิมพ์บัญชีรายชื่อผู้มีสิทธิเลือกตั้ง,300000.00,0.00,0.00,0.00,0.00,300000.00
ค่าตอบแทน,ค่าเบี้ยประชุม,งานบริหารทั่วไป,ค่าเบี้ยประชุม,40000.00,0.00,0.00,0.00,1812.50,38187.50
ค่าตอบแทน,ค่าตอบแทนการปฏิบัติงานนอกเวลาราชการ,งานบริหารทั่วไป,ค่าตอบแทนการปฏิบัติงานนอกเวลาราชการ,530000.00,0.00,0.00,0.00,112780.00,417220.00
ค่าตอบแทน,ค่าเช่าบ้าน,งานบริหารทั่วไป,ค่าเช่าบ้าน,846000.00,0.00,0.00,5000.00,153800.00,687200.00
ค่าใช้สอย,รายจ่ายเพื่อให้ได้มาซึ่งบริการ,งานบริหารทั่วไป,01) ค่าซักฟอก,20000.00,0.00,0.00,0.00,0.00,20000.00
ค่าใช้สอย,รายจ่ายเพื่อให้ได้มาซึ่งบริการ,งานบริหารทั่วไป,02) ค่าธรรมเนียมต่าง ๆ,200000.00,0.00,0.00,4000.00,10756.00,185244.00
ค่าใช้สอย,รายจ่ายเพื่อให้ได้มาซึ่งบริการ,งานบริหารทั่วไป,03) ค่าใช้จ่ายในการดำเนินคดีตามคำพิพากษา,200000.00,0.00,50000.00,0.00,0.00,150000.00
ค่าใช้สอย,รายจ่ายเพื่อให้ได้มาซึ่งบริการ,งานบริหารทั่วไป,04) ค่าจ้างเหมาบริการป้องกันและกำจัดปลวก,150000.00,0.00,0.00,0.00,0.00,150000.00
ค่าใช้สอย,รายจ่ายเพื่อให้ได้มาซึ่งบริการ,งานบริหารทั่วไป,05) ค่าจ้างเหมาบริการดูแลรักษาหม้อแปลงไฟฟ้าแรงสูง,30000.00,0.00,0.00,0.00,0.00,30000.00
ค่าใช้สอย,รายจ่ายเพื่อให้ได้มาซึ่งบริการ,งานบริหารทั่วไป,06) ค่าจ้างเหมาบริการทำของและการบริการ,1000000.00,0.00,0.00,0.00,62950.00,937050.00
ค่าใช้สอย,รายจ่ายเพื่อให้ได้มาซึ่งบริการ,งานบริหารทั่วไป,07) ค่าจ้างเหมากำจัดขยะหรือสิ่งปฏิกูล,50000.00,0.00,0.00,0.00,0.00,50000.00
ค่าใช้สอย,รายจ่ายเพื่อให้ได้มาซึ่งบริการ,งานบริหารทั่วไป,08) ค่าเช่าเครื่องถ่ายเอกสาร,400000.00,0.00,0.00,298241.46,101758.54,0.00
ค่าใช้สอย,รายจ่ายเพื่อให้ได้มาซึ่งบริการ,งานบริหารทั่วไป,09) ค่าจ้างเหมาบริการรักษาความปลอดภัย,4860000.00,0.00,0.00,3075245.18,614753.82,1170001.00
ค่าใช้สอย,รายจ่ายเพื่อให้ได้มาซึ่งบริการ,งานบริหารทั่วไป,10)ค่าจ้างเหมาบริการทำความสะอาดอาคารสถานที่,1286400.00,0.00,23145.00,912000.00,182400.00,168855.00
ค่าใช้สอย,รายจ่ายเพื่อให้ได้มาซึ่งบริการ,งานบริหารทั่วไป,11)ค่าจ้างเหมาดูแลสวน,2350000.00,0.00,358000.00,1826000.00,166000.00,0.00
ค่าใช้สอย,รายจ่ายเพื่อให้ได้มาซึ่งบริการ,งานบริหารทั่วไป,12)ค่าจ้างเหมาบริการเพื่อปฏิบัติงานธุรการ,276000.00,0.00,0.00,230000.00,46000.00,0.00
ค่าใช้สอย,รายจ่ายเพื่อให้ได้มาซึ่งบริการ,งานบริหารทั่วไป,13)ค่าจ้างเหมาบริการเพื่อปฏิบัติงานทั่วไป,120000.00,0.00,0.00,0.00,0.00,120000.00
ค่าใช้สอย,รายจ่ายเพื่อให้ได้มาซึ่งบริการ,งานบริหารทั่วไป,14) ค่าจ้างเหมาบริการป้องกันและกำจัดหนู,200000.00,0.00,0.00,0.00,0.00,200000.00
ค่าใช้สอย,รายจ่ายเพื่อให้ได้มาซึ่งบริการ,งานบริหารทั่วไป,15)ค่าจ้างถ่ายเอกสาร ค่าเย็บหนังสือ เข้าเล่ม เข้าปกหนังสือ,220000.00,0.00,0.00,0.00,18702.10,201297.90
ค่าใช้สอย,รายจ่ายเพื่อให้ได้มาซึ่งบริการ,งานบริหารทั่วไป,16) ค่ารับวารสารและสิ่งพิมพ์,30000.00,0.00,0.00,0.00,0.00,30000.00
ค่าใช้สอย,รายจ่ายเพื่อให้ได้มาซึ่งบริการ,งานบริหารทั่วไป,17)ค่าใช้จ่ายในการประชาสัมพันธ์,500000.00,0.00,0.00,148268.00,0.00,351732.00
ค่าใช้สอย,รายจ่ายเกี่ยวกับการรับรองและพิธีการ,งานบริหารทั่วไป,ค่าใช้จ่ายในพิธีทางศาสนา/ราชพิธี รัฐพิธี,1000000.00,0.00,0.00,0.00,237590.00,762410.00
ค่าใช้สอย,รายจ่ายเกี่ยวกับการรับรองและพิธีการ,งานบริหารทั่วไป,ค่ารับรอง และค่าใช้จ่ายในการประชุมราชการ,635000.00,0.00,0.00,21800.00,118110.00,495090.00
ค่าใช้สอย,รายจ่ายเกี่ยวเนื่องกับการปฏิบัติราชการที่ไม่เข้าลักษณะรายจ่ายงบรายจ่ายอื่น ๆ,งานบริหารทั่วไป,01) ค่าลงทะเบียนในการฝึกอบรม,1350000.00,0.00,100000.00,0.00,0.00,1250000.00
ค่าใช้สอย,รายจ่ายเกี่ยวเนื่องกับการปฏิบัติราชการที่ไม่เข้าลักษณะรายจ่ายงบรายจ่ายอื่น ๆ,งานบริหารทั่วไป,02) ค่าใช้จ่ายในการเดินทางไปราชการในราชอาณาจักร หรือการเดินทางไปราชการต่างประเทศชั่วคราว,1230000.00,0.00,50000.00,20684.00,193390.08,965925.92
ค่าใช้สอย,รายจ่ายเกี่ยวเนื่องกับการปฏิบัติราชการที่ไม่เข้าลักษณะรายจ่ายงบรายจ่ายอื่น ๆ,งานบริหารทั่วไป,03) ค่าใช้จ่ายในการเตรียมการรับเสด็จพระเจ้าอยู่หัว และพระบรมวงศานุวงศ์ทุกพระองค์ที่ได้เสด็จจังหวัดลำพูนอย่างเป็นทางการและเป็นการส่วนพระองค์,800000.00,0.00,0.00,0.00,115220.00,684780.00
ค่าใช้สอย,รายจ่ายเกี่ยวเนื่องกับการปฏิบัติราชการที่ไม่เข้าลักษณะรายจ่ายงบรายจ่ายอื่น ๆ,งานบริหารทั่วไป,04) ค่าใช้จ่ายในการเลือกตั้ง,8500000.00,850000.00,0.00,3756818.00,780.00,5592402.00
ค่าใช้สอย,รายจ่ายเกี่ยวเนื่องกับการปฏิบัติราชการที่ไม่เข้าลักษณะรายจ่ายงบรายจ่ายอื่น ๆ,งานบริหารทั่วไป,05) โครงการฝึกอบรมสัมมนาทัศนศึกษาดูงานของคณะผู้บริหาร สมาชิกสภาองค์การบริหารส่วนจังหวัด ข้าราชการและพนักงานจ้างขององค์การบริหารส่วนจังหวัดลำพูน,2000000.00,0.00,0.00,0.00,0.00,2000000.00
ค่าใช้สอย,รายจ่ายเกี่ยวเนื่องกับการปฏิบัติราชการที่ไม่เข้าลักษณะรายจ่ายงบรายจ่ายอื่น ๆ,งานบริหารทั่วไป,06) โครงการฝึกอบรมเพื่อเสริมสร้างอุดมการณ์ประชาธิปไตยอันมีพระมหากษัตริย์ทรงเป็นประมุขโดยองค์การบริหารส่วนจังหวัดลำพูน,600000.00,0.00,0.00,0.00,10300.00,589700.00
ค่าใช้สอย,รายจ่ายเกี่ยวเนื่องกับการปฏิบัติราชการที่ไม่เข้าลักษณะรายจ่ายงบรายจ่ายอื่น ๆ,งานบริหารทั่วไป,07) โครงการส่งเสริมการมีส่วนร่วมประชาชนในการพัฒนาท้องถิ่น,3000000.00,0.00,500000.00,0.00,0.00,2500000.00
ค่าใช้สอย,รายจ่ายเกี่ยวเนื่องกับการปฏิบัติราชการที่ไม่เข้าลักษณะรายจ่ายงบรายจ่ายอื่น ๆ,งานบริหารทั่วไป,08) ค่าใช้จ่ายในการดำเนินการสรรหาบุคลากรขององค์การบริหารส่วนจังหวัดลำพูน,10000.00,0.00,0.00,0.00,0.00,10000.00
ค่าใช้สอย,รายจ่ายเกี่ยวเนื่องกับการปฏิบัติราชการที่ไม่เข้าลักษณะรายจ่ายงบรายจ่ายอื่น ๆ,งานบริหารทั่วไป,09)  โครงการฝึกอบรม สัมมนา ศึกษาดูงานและพัฒนาศักยภาพบุคลากร เพื่อเสริมสร้างทักษะและเพิ่มประสิทธิภาพการปฏิบัติงาน ในการพัฒนานวัตกรรมการบริหารและการให้บริการประชาชน ขององค์การบริหารส่วนจังหวัดลำพูน ประจำปีงบประมาณ พ.ศ.2568,2500000.00,0.00,0.00,0.00,335378.40,2164621.60
ค่าใช้สอย,รายจ่ายเกี่ยวเนื่องกับการปฏิบัติราชการที่ไม่เข้าลักษณะรายจ่ายงบรายจ่ายอื่น ๆ,งานบริหารทั่วไป,10) โครงการจิตอาสาเฉลิมพระเกียรติเนื่องในวันสำคัญของไทย,200000.00,0.00,0.00,0.00,0.00,200000.00
ค่าใช้สอย,รายจ่ายเกี่ยวเนื่องกับการปฏิบัติราชการที่ไม่เข้าลักษณะรายจ่ายงบรายจ่ายอื่น ๆ,งานบริหารทั่วไป,11) โครงการจัดกิจกรรมเฉลิมพระเกียรติฯ และการปกป้องสถาบันกษัตริย์และสถาบันสำคัญของชาติ,500000.00,0.00,50000.00,0.00,400000.00,50000.00
ค่าวัสดุ,วัสดุสำนักงาน,งานบริหารทั่วไป,วัสดุสำนักงาน,48000.00,0.00,0.00,0.00,48000.00,0.00
ค่าสาธารณูปโภค,ค่าบริการสื่อสารและโทรคมนาคม,งานบริหารทั่วไป,ค่าบริการสื่อสารและโทรคมนาคม,24000.00,0.00,0.00,20000.00,4000.00,0.00
ค่าครุภัณฑ์,ครุภัณฑ์สำนักงาน,งานบริหารทั่วไป,01) เครื่องทำลายเอกสาร,59400.00,0.00,0.00,0.00,59300.00,100.00
ค่าครุภัณฑ์,ครุภัณฑ์สำนักงาน,งานบริหารทั่วไป,02)  เก้าอี้บุนวม,49000.00,0.00,0.00,0.00,49000.00,0.00
ค่าครุภัณฑ์,ครุภัณฑ์สำนักงาน,งานบริหารทั่วไป,03)  ตู้เหล็ก,6600.00,0.00,0.00,0.00,6600.00,0.00
ค่าครุภัณฑ์,ครุภัณฑ์สำนักงาน,งานบริหารทั่วไป,04)  โต๊ะทำงาน,15900.00,0.00,0.00,0.00,15900.00,0.00
ค่าครุภัณฑ์,ครุภัณฑ์สำนักงาน,งานบริหารทั่วไป,05)  ผ้าม่านพร้อมอุปกรณ์,187498.00,0.00,0.00,0.00,0.00,187498.00
ค่าครุภัณฑ์,ครุภัณฑ์สำนักงาน,งานบริหารทั่วไป,06)  เครื่องฟอกอากาศ,79110.00,0.00,0.00,0.00,0.00,79110.00
ค่าครุภัณฑ์,ครุภัณฑ์สำนักงาน,งานบริหารทั่วไป,"07)  เครื่องปรับอากาศ แบบแยกส่วน ขนาด 36,000 บีทียู",91000.00,0.00,0.00,0.00,0.00,91000.00
ค่าครุภัณฑ์,ครุภัณฑ์สำนักงาน,งานบริหารทั่วไป,08)  ตู้เก็บเอกสาร ก.พ. 7,129000.00,0.00,0.00,0.00,0.00,129000.00
ค่าครุภัณฑ์,ครุภัณฑ์สำนักงาน,งานบริหารทั่วไป,09)  โต๊ะทำงานพร้อมตู้ข้าง,12900.00,0.00,0.00,0.00,0.00,12900.00
ค่าครุภัณฑ์,ครุภัณฑ์สำนักงาน,งานบริหารทั่วไป,10)  เก้าอี้สำหรับผู้บริหาร,22000.00,0.00,0.00,0.00,0.00,22000.00
ค่าครุภัณฑ์,ครุภัณฑ์สำนักงาน,งานบริหารทั่วไป,11)  เก้าอี้สำหรับผู้ปฏิบัติงาน,10500.00,0.00,0.00,0.00,0.00,10500.00
ค่าครุภัณฑ์,ครุภัณฑ์สำนักงาน,งานบริหารทั่วไป,12)  เครื่องสแกนลายนิ้วมือ,55000.00,0.00,0.00,0.00,0.00,55000.00
ค่าครุภัณฑ์,ครุภัณฑ์สำนักงาน,งานบริหารทั่วไป,13)  เครื่องทำลายเอกสาร,67000.00,0.00,0.00,0.00,0.00,67000.00
ค่าครุภัณฑ์,ครุภัณฑ์สำนักงาน,งานบริหารทั่วไป,14)  เครื่องฟอกอากาศ,26370.00,0.00,0.00,0.00,0.00,26370.00
ค่าครุภัณฑ์,ครุภัณฑ์ยานพาหนะและขนส่ง,งานบริหารทั่วไป,รถยนต์ตรวจการณ์,1664000.00,0.00,0.00,0.00,0.00,1664000.00
ค่าครุภัณฑ์,ครุภัณฑ์การเกษตร,งานบริหารทั่วไป,เครื่องสูบน้ำบาดาล,26000.00,0.00,0.00,0.00,0.00,26000.00
ค่าครุภัณฑ์,ครุภัณฑ์งานบ้านงานครัว,งานบริหารทั่วไป,เครื่องตัดหญ้า แบบเข็น,13800.00,0.00,0.00,0.00,0.00,13800.00
ค่าครุภัณฑ์,ครุภัณฑ์คอมพิวเตอร์หรืออิเล็กทรอนิกส์,งานบริหารทั่วไป,01) เครื่องพิมพ์ Multifunction เลเซอร์ หรือ LED สี,16000.00,0.00,0.00,16000.00,0.00,0.00
ค่าครุภัณฑ์,ครุภัณฑ์คอมพิวเตอร์หรืออิเล็กทรอนิกส์,งานบริหารทั่วไป,02) สแกนเนอร์ สำหรับงานเก็บเอกสารระดับศูนย์บริการ แบบที่ 3,33000.00,0.00,0.00,0.00,0.00,33000.00
ค่าครุภัณฑ์,ครุภัณฑ์คอมพิวเตอร์หรืออิเล็กทรอนิกส์,งานบริหารทั่วไป,03) เครื่องพิมพ์เลเซอร์ หรือ LED ขาวดำ ชนิด Network แบบที่ 2 (38 หน้า/นาที),15000.00,0.00,0.00,0.00,0.00,15000.00
ค่าครุภัณฑ์,ครุภัณฑ์คอมพิวเตอร์หรืออิเล็กทรอนิกส์,งานบริหารทั่วไป,04) เครื่องพิมพ์เลเซอร์ หรือ LED สี ชนิด Network แบบที่ 2 (27 หน้า/นาที),27000.00,0.00,0.00,0.00,0.00,27000.00
รายจ่ายอื่น,รายจ่ายอื่น,งานบริหารทั่วไป,01) ค่าใช้จ่ายตามคำพิพากษา,200000.00,0.00,0.00,0.00,0.00,200000.00
เงินเดือน (ฝ่ายประจำ),เงินเดือนข้าราชการ หรือพนักงานส่วนท้องถิ่น,งานวางแผนสถิติและวิชาการ,เงินเดือนข้าราชการ หรือพนักงานส่วนท้องถิ่น,7809360.00,0.00,0.00,513638.71,1692126.77,5603594.52
เงินเดือน (ฝ่ายประจำ),เงินเพิ่มต่าง ๆ ของข้าราชการ หรือพนักงานส่วนท้องถิ่น,งานวางแผนสถิติและวิชาการ,เงินเพิ่มต่าง ๆ ของข้าราชการ หรือพนักงานส่วนท้องถิ่น,109200.00,0.00,0.00,5600.00,16800.00,86800.00
เงินเดือน (ฝ่ายประจำ),เงินประจำตำแหน่ง,งานวางแผนสถิติและวิชาการ,เงินประจำตำแหน่ง,139200.00,0.00,0.00,13503.22,36300.00,89396.78
เงินเดือน (ฝ่ายประจำ),ค่าตอบแทนพนักงานจ้าง,งานวางแผนสถิติและวิชาการ,ค่าตอบแทนพนักงานจ้าง,195200.00,0.00,0.00,16370.00,49110.00,129720.00
ค่าตอบแทน,ค่าตอบแทนการปฏิบัติงานนอกเวลาราชการ,งานวางแผนสถิติและวิชาการ,ค่าตอบแทนการปฏิบัติงานนอกเวลาราชการ,200000.00,0.00,0.00,0.00,17180.00,182820.00
ค่าตอบแทน,ค่าเช่าบ้าน,งานวางแผนสถิติและวิชาการ,ค่าเช่าบ้าน,84000.00,0.00,0.00,0.00,44000.00,40000.00
ค่าใช้สอย,รายจ่ายเพื่อให้ได้มาซึ่งบริการ,งานวางแผนสถิติและวิชาการ,1) ค่าจ้างโฆษณาและเผยแพร่ประชาสัมพันธ์,2527200.00,0.00,0.00,320264.00,59584.00,2147352.00
ค่าใช้สอย,รายจ่ายเพื่อให้ได้มาซึ่งบริการ,งานวางแผนสถิติและวิชาการ,2)ค่าจ้างเหมางานบำรุงรักษาระบบความปลอดภัยบนเครือข่ายคอมพิวเตอร์และโปรแกรมประยุกต์ขององค์การบริหารส่วนจังหวัดลำพูน,500000.00,0.00,0.00,406600.00,81320.00,12080.00
ค่าใช้สอย,รายจ่ายเพื่อให้ได้มาซึ่งบริการ,งานวางแผนสถิติและวิชาการ,3) ค่าจ้างเหมาบริการบุคคลภายนอกพัฒนาและปรับปรุงเว็บไซต์ขององค์การบริหารส่วนจังหวัดลำพูน,1000000.00,0.00,0.00,0.00,0.00,1000000.00
ค่าใช้สอย,รายจ่ายเพื่อให้ได้มาซึ่งบริการ,งานวางแผนสถิติและวิชาการ,4) ค่าจ้างเหมาบุคคลภายนอกเพื่อเป็นผู้ดำเนินการสำรวจความพึงพอใจของประชาชนต่อการให้บริการสาธารณะขององค์การบริหารส่วนจังหวัดลำพูน,300000.00,0.00,0.00,0.00,0.00,300000.00
ค่าใช้สอย,รายจ่ายเพื่อให้ได้มาซึ่งบริการ,งานวางแผนสถิติและวิชาการ,5)ค่าจ้างถ่ายเอกสาร ค่าเย็บหนังสือ เข้าเล่ม เข้าปกหนังสือ,200000.00,0.00,0.00,0.00,75435.00,124565.00
ค่าใช้สอย,รายจ่ายเพื่อให้ได้มาซึ่งบริการ,งานวางแผนสถิติและวิชาการ,6) ค่าจ้างเหมาบริการบุคคลภายนอกจัดทำวารสารองค์การบริหารส่วนจังหวัดลำพูน,90000.00,0.00,0.00,0.00,0.00,90000.00
ค่าใช้สอย,รายจ่ายเพื่อให้ได้มาซึ่งบริการ,งานวางแผนสถิติและวิชาการ,7) ค่าจ้างเหมาบริการบุคคลภายนอกจัดทํารายงานผลการดำเนินงานประจำปี ขององค์การบริหารส่วนจังหวัดลำพูน,150000.00,0.00,0.00,0.00,0.00,150000.00
ค่าใช้สอย,รายจ่ายเพื่อให้ได้มาซึ่งบริการ,งานวางแผนสถิติและวิชาการ,8) ค่าจ้างเหมาบริการเพื่อปฏิบัติงานทั่วไป,110000.00,0.00,0.00,90000.00,18000.00,2000.00
ค่าใช้สอย,รายจ่ายเพื่อให้ได้มาซึ่งบริการ,งานวางแผนสถิติและวิชาการ,9) ค่าจ้างเหมาบริการเพื่อปฏิบัติงานประชาสัมพันธ์,180000.00,0.00,0.00,150000.00,30000.00,0.00
ค่าใช้สอย,รายจ่ายเกี่ยวเนื่องกับการปฏิบัติราชการที่ไม่เข้าลักษณะรายจ่ายงบรายจ่ายอื่น ๆ,งานวางแผนสถิติและวิชาการ,01) ค่าลงทะเบียนในการฝึกอบรม,200000.00,0.00,0.00,0.00,39500.00,160500.00
ค่าใช้สอย,รายจ่ายเกี่ยวเนื่องกับการปฏิบัติราชการที่ไม่เข้าลักษณะรายจ่ายงบรายจ่ายอื่น ๆ,งานวางแผนสถิติและวิชาการ,02) ค่าใช้จ่ายในการเดินทางไปราชการในราชอาณาจักรหรือการเดินทางไปราชการต่างประเทศชั่วคราว,200000.00,0.00,0.00,0.00,45063.00,154937.00
ค่าใช้สอย,รายจ่ายเกี่ยวเนื่องกับการปฏิบัติราชการที่ไม่เข้าลักษณะรายจ่ายงบรายจ่ายอื่น ๆ,งานวางแผนสถิติและวิชาการ,03) โครงการสัมมนาเชิงปฏิบัติการการจัดทำแผนพัฒนาท้องถิ่นและการจัดทำงบประมาณ,200000.00,0.00,0.00,0.00,0.00,200000.00
ค่าสาธารณูปโภค,ค่าบริการสื่อสารและโทรคมนาคม,งานวางแผนสถิติและวิชาการ,ค่าบริการสื่อสารและโทรคมนาคม,500000.00,0.00,0.00,416230.00,83246.00,524.00
ค่าครุภัณฑ์,ครุภัณฑ์สำนักงาน,งานวางแผนสถิติและวิชาการ,"01) เครื่องปรับอากาศ แบบแยกส่วน ขนาด 24,000 บีทียู",64400.00,0.00,0.00,0.00,64000.00,400.00
ค่าครุภัณฑ์,ครุภัณฑ์สำนักงาน,งานวางแผนสถิติและวิชาการ,02) เครื่องฟอกอากาศ,26370.00,0.00,0.00,0.00,26370.00,0.00
ค่าครุภัณฑ์,ครุภัณฑ์คอมพิวเตอร์หรืออิเล็กทรอนิกส์,งานวางแผนสถิติและวิชาการ,เครื่องพิมพ์เลเซอร์ หรือ LED สี ชนิด Network แบบที่ 2 (27 หน้า/นาที),27000.00,0.00,0.00,0.00,26900.00,100.00
เงินเดือน (ฝ่ายประจำ),เงินเดือนข้าราชการ หรือพนักงานส่วนท้องถิ่น,งานบริหารงานคลัง,เงินเดือนข้าราชการ หรือพนักงานส่วนท้องถิ่น,15112320.00,0.00,27000.00,809375.16,2634898.77,11641046.07
เงินเดือน (ฝ่ายประจำ),เงินเพิ่มต่าง ๆ ของข้าราชการ หรือพนักงานส่วนท้องถิ่น,งานบริหารงานคลัง,เงินเพิ่มต่าง ๆ ของข้าราชการ หรือพนักงานส่วนท้องถิ่น,383820.00,27000.00,0.00,20200.00,66113.98,324506.02
เงินเดือน (ฝ่ายประจำ),เงินประจำตำแหน่ง,งานบริหารงานคลัง,เงินประจำตำแหน่ง,224400.00,0.00,0.00,17006.44,33600.00,173793.56
เงินเดือน (ฝ่ายประจำ),ค่าตอบแทนพนักงานจ้าง,งานบริหารงานคลัง,ค่าตอบแทนพนักงานจ้าง,287040.00,0.00,0.00,23840.00,71520.00,191680.00
เงินเดือน (ฝ่ายประจำ),เงินเพิ่มต่าง ๆ ของพนักงานจ้าง,งานบริหารงานคลัง,เงินเพิ่มต่าง ๆ ของพนักงานจ้าง,31800.00,0.00,0.00,4000.00,12000.00,15800.00
ค่าตอบแทน,ค่าตอบแทนผู้ปฏิบัติราชการอันเป็นประโยชน์แก่องค์กรปกครองส่วนท้องถิ่น,งานบริหารงานคลัง,ค่าตอบแทนบุคคลหรือคณะกรรมการที่ได้รับแต่งตั้งตามกฎหมายว่าด้วยการจัดซื้อจัดจ้างและการบริหารพัสดุภาครัฐ,1200000.00,0.00,0.00,3000.00,198600.00,998400.00
ค่าตอบแทน,ค่าตอบแทนการปฏิบัติงานนอกเวลาราชการ,งานบริหารงานคลัง,ค่าตอบแทนการปฏิบัติงานนอกเวลาราชการ,800000.00,0.00,0.00,0.00,374470.00,425530.00
ค่าตอบแทน,ค่าเช่าบ้าน,งานบริหารงานคลัง,ค่าเช่าบ้าน,804000.00,0.00,0.00,0.00,116083.00,687917.00
ค่าตอบแทน,เงินช่วยเหลือการศึกษาบุตร,งานบริหารงานคลัง,เงินช่วยเหลือการศึกษาบุตรข้าราชการ/พนักงาน/ลูกจ้างประจำ,450000.00,0.00,0.00,0.00,108336.25,341663.75
ค่าตอบแทน,เงินช่วยเหลือการศึกษาบุตร,งานบริหารงานคลัง,เงินช่วยเหลือการศึกษาบุตรผู้ได้รับบำนาญ,50000.00,0.00,0.00,0.00,13600.00,36400.00
ค่าใช้สอย,รายจ่ายเพื่อให้ได้มาซึ่งบริการ,งานบริหารงานคลัง,ค่าส่งคืนเงินกองทุนทดแทนผู้ประสบภัยและค่าจัดทำประกันภัยรถส่วนกลาง,300000.00,0.00,0.00,645.21,6341.89,293012.90
ค่าใช้สอย,รายจ่ายเกี่ยวเนื่องกับการปฏิบัติราชการที่ไม่เข้าลักษณะรายจ่ายงบรายจ่ายอื่น ๆ,งานบริหารงานคลัง,1)ค่าลงทะเบียนในการฝึกอบรม,600000.00,0.00,100000.00,0.00,45100.00,454900.00
ค่าใช้สอย,รายจ่ายเกี่ยวเนื่องกับการปฏิบัติราชการที่ไม่เข้าลักษณะรายจ่ายงบรายจ่ายอื่น ๆ,งานบริหารงานคลัง,2)ค่าใช้จ่ายในการเดินทางไปราชการในราชอาณาจักรหรือการเดินทางไปราชการต่างประเทศชั่วคราว,500000.00,0.00,100000.00,0.00,9360.00,390640.00
ค่าใช้สอย,รายจ่ายเกี่ยวเนื่องกับการปฏิบัติราชการที่ไม่เข้าลักษณะรายจ่ายงบรายจ่ายอื่น ๆ,งานบริหารงานคลัง,3)ค่าชดใช้ค่าเสียหาย หรือค่าสินไหมทดแทน,10000.00,0.00,0.00,0.00,0.00,10000.00
ค่าใช้สอย,รายจ่ายเกี่ยวเนื่องกับการปฏิบัติราชการที่ไม่เข้าลักษณะรายจ่ายงบรายจ่ายอื่น ๆ,งานบริหารงานคลัง,4)โครงการเพิ่มประสิทธิภาพการจัดเก็บรายได้ขององค์การบริหารส่วนจังหวัดลำพูนสำหรับผู้ประกอบการน้ำมัน/ก๊าซ และโรงแรม,100000.00,0.00,0.00,0.00,0.00,100000.00
ค่าใช้สอย,ค่าบำรุงรักษาและซ่อมแซม,งานบริหารงานคลัง,ค่าบำรุงรักษาและซ่อมแซม,5890000.00,0.00,0.00,1403880.00,1030395.96,3455724.04
ค่าวัสดุ,วัสดุสำนักงาน,งานบริหารงานคลัง,วัสดุสำนักงาน,1100000.00,0.00,0.00,82585.00,168659.00,848756.00
ค่าวัสดุ,วัสดุไฟฟ้าและวิทยุ,งานบริหารงานคลัง,วัสดุไฟฟ้าและวิทยุ,1000000.00,0.00,0.00,0.00,293229.70,706770.30
ค่าวัสดุ,วัสดุงานบ้านงานครัว,งานบริหารงานคลัง,วัสดุงานบ้านงานครัว,300000.00,0.00,0.00,0.00,28300.00,271700.00
ค่าวัสดุ,วัสดุเชื้อเพลิงและหล่อลื่น,งานบริหารงานคลัง,วัสดุเชื้อเพลิงและหล่อลื่น,2600000.00,0.00,0.00,1199571.21,443943.69,956485.10
ค่าวัสดุ,วัสดุการเกษตร,งานบริหารงานคลัง,วัสดุการเกษตร,100000.00,0.00,0.00,0.00,13883.25,86116.75
ค่าวัสดุ,วัสดุโฆษณาและเผยแพร่,งานบริหารงานคลัง,วัสดุโฆษณาและเผยแพร่,500000.00,0.00,0.00,0.00,0.00,500000.00
ค่าวัสดุ,วัสดุคอมพิวเตอร์,งานบริหารงานคลัง,วัสดุคอมพิวเตอร์,1500000.00,0.00,0.00,0.00,356400.00,1143600.00
ค่าสาธารณูปโภค,ค่าไฟฟ้า,งานบริหารงานคลัง,ค่าไฟฟ้า,7000000.00,0.00,0.00,0.00,1199115.72,5800884.28
ค่าสาธารณูปโภค,ค่าน้ำประปา ค่าน้ำบาดาล,งานบริหารงานคลัง,ค่าน้ำประปา ค่าน้ำบาดาล,190000.00,0.00,0.00,0.00,24063.46,165936.54
ค่าสาธารณูปโภค,ค่าบริการโทรศัพท์,งานบริหารงานคลัง,ค่าบริการโทรศัพท์,200000.00,0.00,0.00,0.00,33080.78,166919.22
ค่าสาธารณูปโภค,ค่าบริการไปรษณีย์,งานบริหารงานคลัง,ค่าบริการไปรษณีย์,300000.00,0.00,0.00,0.00,63544.00,236456.00
ค่าครุภัณฑ์,ครุภัณฑ์สำนักงาน,งานบริหารงานคลัง,01) เครื่องฟอกอากาศ,35160.00,0.00,0.00,0.00,35160.00,0.00
ค่าครุภัณฑ์,ครุภัณฑ์สำนักงาน,งานบริหารงานคลัง,02) เครื่องทำลายเอกสาร,63000.00,0.00,0.00,0.00,62500.00,500.00
ค่าครุภัณฑ์,ครุภัณฑ์สำนักงาน,งานบริหารงานคลัง,03) เครื่องพิมพ์เช็ค,37000.00,0.00,0.00,0.00,36850.00,150.00
ค่าครุภัณฑ์,ครุภัณฑ์สำนักงาน,งานบริหารงานคลัง,"04) เครื่องปรับอากาศ แบบแยกส่วน ขนาด 30,000 บีทียู",41500.00,0.00,0.00,41500.00,0.00,0.00
ค่าครุภัณฑ์,ครุภัณฑ์สำนักงาน,งานบริหารงานคลัง,05) เครื่องฟอกอากาศ,35160.00,0.00,0.00,0.00,0.00,35160.00
ค่าครุภัณฑ์,ครุภัณฑ์คอมพิวเตอร์หรืออิเล็กทรอนิกส์,งานบริหารงานคลัง,01) เครื่องคอมพิวเตอร์โน๊ตบุ๊ก สำหรับงานประมวลผล,24000.00,0.00,0.00,23500.00,0.00,500.00
ค่าครุภัณฑ์,ครุภัณฑ์คอมพิวเตอร์หรืออิเล็กทรอนิกส์,งานบริหารงานคลัง,02) เครื่องพิมพ์เลเซอร์ หรือ LED ขาวดํา (18หน้า/นาที),33000.00,0.00,0.00,32000.00,0.00,1000.00
เงินเดือน (ฝ่ายประจำ),เงินเดือนข้าราชการ หรือพนักงานส่วนท้องถิ่น,งานควบคุมภายในและการตรวจสอบภายใน,เงินเดือนข้าราชการ หรือพนักงานส่วนท้องถิ่น,1115520.00,0.00,0.00,64390.00,200870.00,850260.00
ค่าตอบแทน,ค่าตอบแทนการปฏิบัติงานนอกเวลาราชการ,งานควบคุมภายในและการตรวจสอบภายใน,ค่าตอบแทนการปฏิบัติงานนอกเวลาราชการ,50000.00,0.00,0.00,0.00,0.00,50000.00
ค่าตอบแทน,ค่าเช่าบ้าน,งานควบคุมภายในและการตรวจสอบภายใน,ค่าเช่าบ้าน,60000.00,0.00,0.00,0.00,24000.00,36000.00
ค่าใช้สอย,รายจ่ายเกี่ยวเนื่องกับการปฏิบัติราชการที่ไม่เข้าลักษณะรายจ่ายงบรายจ่ายอื่น ๆ,งานควบคุมภายในและการตรวจสอบภายใน,01) ค่าลงทะเบียนฝึกอบรม,100000.00,0.00,0.00,0.00,0.00,100000.00
ค่าใช้สอย,รายจ่ายเกี่ยวเนื่องกับการปฏิบัติราชการที่ไม่เข้าลักษณะรายจ่ายงบรายจ่ายอื่น ๆ,งานควบคุมภายในและการตรวจสอบภายใน,02) ค่าใช้จ่ายในการเดินทางไปราชการในราชอาณาจักรหรือการเดินทางไปราชการต่างประเทศชั่วคราว,100000.00,0.00,0.00,0.00,840.00,99160.00
ค่าครุภัณฑ์,ครุภัณฑ์สำนักงาน,งานควบคุมภายในและการตรวจสอบภายใน,เครื่องฟอกอากาศ,8790.00,0.00,0.00,0.00,0.00,8790.00
ค่าครุภัณฑ์,ครุภัณฑ์คอมพิวเตอร์หรืออิเล็กทรอนิกส์,งานควบคุมภายในและการตรวจสอบภายใน,เครื่องคอมพิวเตอร์โน๊ตบุ๊ก สำหรับงานประมวลผล,24000.00,0.00,0.00,0.00,23500.00,500.00
เงินเดือน (ฝ่ายประจำ),เงินเดือนข้าราชการ หรือพนักงานส่วนท้องถิ่น,งานป้องกันและบรรเทาสาธารณภัย,เงินเดือนข้าราชการ หรือพนักงานส่วนท้องถิ่น,1355400.00,0.00,0.00,62380.00,201080.00,1091940.00
เงินเดือน (ฝ่ายประจำ),เงินเพิ่มต่าง ๆ ของข้าราชการ หรือพนักงานส่วนท้องถิ่น,งานป้องกันและบรรเทาสาธารณภัย,เงินเพิ่มต่าง ๆ ของข้าราชการ หรือพนักงานส่วนท้องถิ่น,12780.00,0.00,0.00,570.00,870.00,11340.00
ค่าใช้สอย,รายจ่ายเกี่ยวเนื่องกับการปฏิบัติราชการที่ไม่เข้าลักษณะรายจ่ายงบรายจ่ายอื่น ๆ,งานป้องกันและบรรเทาสาธารณภัย,โครงการฝึกอบรมเชิงปฏิบัติการด้านการป้องกันและบรรเทาสาธารณภัย,500000.00,0.00,0.00,0.00,0.00,500000.00
ค่าวัสดุ,วัสดุเครื่องดับเพลิง,งานป้องกันและบรรเทาสาธารณภัย,วัสดุเครื่องดับเพลิง,100000.00,0.00,0.00,0.00,0.00,100000.00
ค่าวัสดุ,วัสดุอื่น,งานป้องกันและบรรเทาสาธารณภัย,วัสดุอื่น,300000.00,0.00,0.00,0.00,0.00,300000.00
เงินเดือน (ฝ่ายประจำ),เงินเดือนข้าราชการ หรือพนักงานส่วนท้องถิ่น,งานบริหารทั่วไปเกี่ยวกับการศึกษา,เงินเดือนข้าราชการ หรือพนักงานส่วนท้องถิ่น,2794860.00,0.00,0.00,175620.00,559310.00,2059930.00
เงินเดือน (ฝ่ายประจำ),เงินเพิ่มต่าง ๆ ของข้าราชการ หรือพนักงานส่วนท้องถิ่น,งานบริหารทั่วไปเกี่ยวกับการศึกษา,เงินเพิ่มต่าง ๆ ของข้าราชการ หรือพนักงานส่วนท้องถิ่น,91200.00,0.00,0.00,5890.00,17670.00,67640.00
เงินเดือน (ฝ่ายประจำ),เงินประจำตำแหน่ง,งานบริหารทั่วไปเกี่ยวกับการศึกษา,เงินประจำตำแหน่ง,85200.00,0.00,0.00,7051.61,16800.00,61348.39
เงินเดือน (ฝ่ายประจำ),ค่าตอบแทนพนักงานจ้าง,งานบริหารทั่วไปเกี่ยวกับการศึกษา,ค่าตอบแทนพนักงานจ้าง,1194720.00,0.00,0.00,87900.00,263700.00,843120.00
เงินเดือน (ฝ่ายประจำ),เงินเพิ่มต่าง ๆ ของพนักงานจ้าง,งานบริหารทั่วไปเกี่ยวกับการศึกษา,เงินเพิ่มต่าง ๆ ของพนักงานจ้าง,21420.00,0.00,0.00,0.00,0.00,21420.00
ค่าตอบแทน,ค่าตอบแทนการปฏิบัติงานนอกเวลาราชการ,งานบริหารทั่วไปเกี่ยวกับการศึกษา,ค่าตอบแทนการปฏิบัติงานนอกเวลาราชการ,200000.00,0.00,0.00,0.00,50490.00,149510.00
ค่าใช้สอย,รายจ่ายเกี่ยวเนื่องกับการปฏิบัติราชการที่ไม่เข้าลักษณะรายจ่ายงบรายจ่ายอื่น ๆ,งานบริหารทั่วไปเกี่ยวกับการศึกษา,01) ค่าลงทะเบียนในการฝึกอบรม,150000.00,0.00,0.00,0.00,0.00,150000.00
ค่าใช้สอย,รายจ่ายเกี่ยวเนื่องกับการปฏิบัติราชการที่ไม่เข้าลักษณะรายจ่ายงบรายจ่ายอื่น ๆ,งานบริหารทั่วไปเกี่ยวกับการศึกษา,02) ค่าใช้จ่ายในการเดินทางไปราชการในราชอาณาจักร หรือการเดินทางไปราชการต่างประเทศชั่วคราว,200000.00,0.00,0.00,0.00,52047.00,147953.00
ค่าใช้สอย,รายจ่ายเกี่ยวเนื่องกับการปฏิบัติราชการที่ไม่เข้าลักษณะรายจ่ายงบรายจ่ายอื่น ๆ,งานบริหารทั่วไปเกี่ยวกับการศึกษา,03) โครงการเข้าร่วมงานมหกรรมการจัดการศึกษาท้องถิ่น,200000.00,0.00,0.00,0.00,0.00,200000.00
ค่าใช้สอย,รายจ่ายเกี่ยวเนื่องกับการปฏิบัติราชการที่ไม่เข้าลักษณะรายจ่ายงบรายจ่ายอื่น ๆ,งานบริหารทั่วไปเกี่ยวกับการศึกษา,04) โครงการส่งเสริมและสนับสนุนการพัฒนาศักยภาพของเด็ก เยาวชน และผู้ที่เกี่ยวข้องในจังหวัดลำพูน,500000.00,0.00,0.00,0.00,0.00,500000.00
ค่าใช้สอย,รายจ่ายเกี่ยวเนื่องกับการปฏิบัติราชการที่ไม่เข้าลักษณะรายจ่ายงบรายจ่ายอื่น ๆ,งานบริหารทั่วไปเกี่ยวกับการศึกษา,05) โครงการโรงเรียนกาแฟดอยป่าแป๋,200000.00,0.00,0.00,0.00,0.00,200000.00
ค่าใช้สอย,รายจ่ายเกี่ยวเนื่องกับการปฏิบัติราชการที่ไม่เข้าลักษณะรายจ่ายงบรายจ่ายอื่น ๆ,งานบริหารทั่วไปเกี่ยวกับการศึกษา,06) โครงการสนับสนุนค่าใช้จ่ายเกี่ยวกับทุนการศึกษาและการให้ความช่วยเหลือนักเรียน,2100000.00,0.00,0.00,0.00,0.00,2100000.00
ค่าใช้สอย,รายจ่ายเกี่ยวเนื่องกับการปฏิบัติราชการที่ไม่เข้าลักษณะรายจ่ายงบรายจ่ายอื่น ๆ,งานบริหารทั่วไปเกี่ยวกับการศึกษา,07) โครงการจัดทำแผนพัฒนาการศึกษาขององค์การบริหารส่วนจังหวัดลำพูน,100000.00,0.00,0.00,0.00,0.00,100000.00
ค่าใช้สอย,รายจ่ายเกี่ยวเนื่องกับการปฏิบัติราชการที่ไม่เข้าลักษณะรายจ่ายงบรายจ่ายอื่น ๆ,งานบริหารทั่วไปเกี่ยวกับการศึกษา,08) โครงการประสานและจัดทำแผนพัฒนาการศึกษาขององค์กรปกครองส่วนท้องถิ่นในจังหวัดลำพูน,100000.00,0.00,0.00,0.00,0.00,100000.00
ค่าใช้สอย,รายจ่ายเกี่ยวเนื่องกับการปฏิบัติราชการที่ไม่เข้าลักษณะรายจ่ายงบรายจ่ายอื่น ๆ,งานบริหารทั่วไปเกี่ยวกับการศึกษา,09) โครงการพัฒนาการจัดการเรียนรู้แบบ Active Learning โดยใช้กระบวนการ PLC “ชุมชนการเรียนรู้ทางวิชาชีพ” ของสถานศึกษาในสังกัดองค์การบริหารส่วนจังหวัดลำพูน,100000.00,0.00,0.00,0.00,0.00,100000.00
ค่าใช้สอย,รายจ่ายเกี่ยวเนื่องกับการปฏิบัติราชการที่ไม่เข้าลักษณะรายจ่ายงบรายจ่ายอื่น ๆ,งานบริหารทั่วไปเกี่ยวกับการศึกษา,10)โครงการโรงเรียนพอเพียงของสถานศึกษาในสังกัดองค์การบริหารส่วนจังหวัดลำพูน,550000.00,0.00,0.00,0.00,0.00,550000.00
ค่าใช้สอย,รายจ่ายเกี่ยวเนื่องกับการปฏิบัติราชการที่ไม่เข้าลักษณะรายจ่ายงบรายจ่ายอื่น ๆ,งานบริหารทั่วไปเกี่ยวกับการศึกษา,11)โครงการแลกเปลี่ยนภาษาวัฒนธรรมไทยและต่างประเทศ,1000000.00,0.00,0.00,0.00,0.00,1000000.00
ค่าใช้สอย,รายจ่ายเกี่ยวเนื่องกับการปฏิบัติราชการที่ไม่เข้าลักษณะรายจ่ายงบรายจ่ายอื่น ๆ,งานบริหารทั่วไปเกี่ยวกับการศึกษา,12)โครงการยกระดับและพัฒนาหลักสูตรของสถานศึกษาในสังกัดองค์การบริหารส่วนจังหวัดลำพูน,500000.00,0.00,0.00,0.00,0.00,500000.00
ค่าใช้สอย,รายจ่ายเกี่ยวเนื่องกับการปฏิบัติราชการที่ไม่เข้าลักษณะรายจ่ายงบรายจ่ายอื่น ๆ,งานบริหารทั่วไปเกี่ยวกับการศึกษา,13)โครงการการแสดงผลงานและการแข่งขันทักษะวิชาการด้านภาษาและวัฒนธรรมไทย - จีน (อบจ.นิทัศน์),500000.00,0.00,28100.00,0.00,471900.00,0.00
ค่าใช้สอย,รายจ่ายเกี่ยวเนื่องกับการปฏิบัติราชการที่ไม่เข้าลักษณะรายจ่ายงบรายจ่ายอื่น ๆ,งานบริหารทั่วไปเกี่ยวกับการศึกษา,14)โครงการพัฒนางานประกันคุณภาพการศึกษา,100000.00,0.00,0.00,0.00,0.00,100000.00
ค่าใช้สอย,รายจ่ายเกี่ยวเนื่องกับการปฏิบัติราชการที่ไม่เข้าลักษณะรายจ่ายงบรายจ่ายอื่น ๆ,งานบริหารทั่วไปเกี่ยวกับการศึกษา,15)โครงการส่งเสริมการพัฒนาสื่อและนวัตกรรมทางการศึกษา ของสถานศึกษาในสังกัดองค์การบริหารส่วนจังหวัดลำพูน,100000.00,0.00,0.00,0.00,0.00,100000.00
ค่าใช้สอย,รายจ่ายเกี่ยวเนื่องกับการปฏิบัติราชการที่ไม่เข้าลักษณะรายจ่ายงบรายจ่ายอื่น ๆ,งานบริหารทั่วไปเกี่ยวกับการศึกษา,16)โครงการพัฒนาศักยภาพบุคลากรสนับสนุนการสอนของสถานศึกษาในสังกัดองค์การบริหารส่วนจังหวัดลำพูน ในการพัฒนาการบริหารจัดการสถานศึกษาให้มีคุณภาพ,50000.00,0.00,0.00,0.00,5550.00,44450.00
ค่าใช้สอย,รายจ่ายเกี่ยวเนื่องกับการปฏิบัติราชการที่ไม่เข้าลักษณะรายจ่ายงบรายจ่ายอื่น ๆ,งานบริหารทั่วไปเกี่ยวกับการศึกษา,17) โครงการแข่งขันศิลปหัตถกรรมนักเรียนในสังกัดองค์กรปกครองส่วนท้องถิ่นจังหวัดลำพูน,300000.00,0.00,116155.00,0.00,183845.00,0.00
ค่าครุภัณฑ์,ครุภัณฑ์สำนักงาน,งานบริหารทั่วไปเกี่ยวกับการศึกษา,01) เก้าอี้สํานักงาน,12500.00,0.00,0.00,0.00,12500.00,0.00
ค่าครุภัณฑ์,ครุภัณฑ์สำนักงาน,งานบริหารทั่วไปเกี่ยวกับการศึกษา,"02) เครื่องปรับอากาศแบบแยกส่วน ขนาด 36,000 บีทียู (ระบบ Inverter)",53600.00,0.00,0.00,53600.00,0.00,0.00
เงินเดือน (ฝ่ายประจำ),เงินเดือนข้าราชการ หรือพนักงานส่วนท้องถิ่น,งานระดับก่อนวัยเรียนและประถมศึกษา,เงินเดือนข้าราชการ หรือพนักงานส่วนท้องถิ่น,5900560.00,0.00,0.00,399300.00,1197900.00,4303360.00
เงินเดือน (ฝ่ายประจำ),เงินเพิ่มต่าง ๆ ของข้าราชการ หรือพนักงานส่วนท้องถิ่น,งานระดับก่อนวัยเรียนและประถมศึกษา,เงินเพิ่มต่าง ๆ ของข้าราชการ หรือพนักงานส่วนท้องถิ่น,721200.00,0.00,0.00,26700.00,80100.00,614400.00
เงินเดือน (ฝ่ายประจำ),เงินวิทยฐานะ,งานระดับก่อนวัยเรียนและประถมศึกษา,เงินวิทยฐานะ,751200.00,0.00,0.00,44200.00,132600.00,574400.00
เงินเดือน (ฝ่ายประจำ),ค่าตอบแทนพนักงานจ้าง,งานระดับก่อนวัยเรียนและประถมศึกษา,ค่าตอบแทนพนักงานจ้าง,2033280.00,0.00,0.00,175560.00,526680.00,1331040.00
เงินเดือน (ฝ่ายประจำ),เงินเพิ่มต่าง ๆ ของพนักงานจ้าง,งานระดับก่อนวัยเรียนและประถมศึกษา,เงินเพิ่มต่าง ๆ ของพนักงานจ้าง,91800.00,0.00,0.00,16000.00,48000.00,27800.00
ค่าตอบแทน,ค่าเช่าบ้าน,งานระดับก่อนวัยเรียนและประถมศึกษา,ค่าเช่าบ้าน,120000.00,0.00,0.00,0.00,2845.16,117154.84
ค่าตอบแทน,เงินช่วยเหลือการศึกษาบุตร,งานระดับก่อนวัยเรียนและประถมศึกษา,เงินช่วยเหลือการศึกษาบุตรข้าราชการ/พนักงาน/ลูกจ้างประจำ,9000.00,0.00,0.00,0.00,0.00,9000.00
ค่าใช้สอย,รายจ่ายเพื่อให้ได้มาซึ่งบริการ,งานระดับก่อนวัยเรียนและประถมศึกษา,ค่าจ้างเหมาบริการทาสีอาคารภายในบริเวณโรงเรียนองค์การบริหารส่วนจังหวัดลำพูน ป่าป๋วย,1011000.00,0.00,0.00,0.00,0.00,1011000.00
ค่าใช้สอย,รายจ่ายเกี่ยวเนื่องกับการปฏิบัติราชการที่ไม่เข้าลักษณะรายจ่ายงบรายจ่ายอื่น ๆ,งานระดับก่อนวัยเรียนและประถมศึกษา,01) โครงการสนับสนุนค่าใช้จ่ายการบริหารสถานศึกษาของโรงเรียนองค์การบริหารส่วนจังหวัดลำพูน ป่าป๋วย,3570380.00,0.00,0.00,0.00,1735403.00,1834977.00
ค่าใช้สอย,รายจ่ายเกี่ยวเนื่องกับการปฏิบัติราชการที่ไม่เข้าลักษณะรายจ่ายงบรายจ่ายอื่น ๆ,งานระดับก่อนวัยเรียนและประถมศึกษา,02) โครงการสนับสนุนค่าใช้จ่ายการบริหารสถานศึกษาของโรงเรียนองค์การบริหารส่วนจังหวัดลำพูน ป่าแป๋,756750.00,0.00,0.00,0.00,363758.00,392992.00
ค่าใช้สอย,รายจ่ายเกี่ยวเนื่องกับการปฏิบัติราชการที่ไม่เข้าลักษณะรายจ่ายงบรายจ่ายอื่น ๆ,งานระดับก่อนวัยเรียนและประถมศึกษา,03) โครงการจัดงานวันเด็กแห่งชาติ,500000.00,0.00,0.00,489000.00,0.00,11000.00
ค่าวัสดุ,วัสดุงานบ้านงานครัว,งานระดับก่อนวัยเรียนและประถมศึกษา,วัสดุงานบ้านงานครัว,560200.00,0.00,0.00,196212.78,87409.53,276577.69
ค่าสาธารณูปโภค,ค่าบริการสื่อสารและโทรคมนาคม,งานระดับก่อนวัยเรียนและประถมศึกษา,ค่าบริการสื่อสารและโทรคมนาคม,206000.00,0.00,0.00,134583.34,26916.66,44500.00
ค่าครุภัณฑ์,ครุภัณฑ์สำนักงาน,งานระดับก่อนวัยเรียนและประถมศึกษา,โต๊ะและเก้าอี้ โรงอาหารแบบสแตนเลสของโรงเรียนองค์การบริหารส่วนจังหวัดลำพูน ป่าป๋วย,437500.00,0.00,0.00,437000.00,0.00,500.00
ค่าครุภัณฑ์,ครุภัณฑ์ยานพาหนะและขนส่ง,งานระดับก่อนวัยเรียนและประถมศึกษา,"01) รถบรรทุก (ดีเซล) ขนาด 1 ตัน ปริมาตรกระบอกสูบไม่ต่ำกว่า 2,400 ซีซี หรือกำลังเครื่องยนต์สูงสุดไม่ต่ำกว่า 110 กิโลวัตต์ ขับเคลื่อน 4 ล้อ แบบดับเบิ้ลแค็บ",1055000.00,0.00,0.00,0.00,0.00,1055000.00
ค่าครุภัณฑ์,ครุภัณฑ์ยานพาหนะและขนส่ง,งานระดับก่อนวัยเรียนและประถมศึกษา,02) รถจักรยานยนต์ ขนาด 120 ซีซี,54600.00,0.00,0.00,0.00,0.00,54600.00
เงินอุดหนุน,เงินอุดหนุนส่วนราชการ,งานระดับก่อนวัยเรียนและประถมศึกษา,01) อุดหนุนสำนักงานเขตพื้นที่การศึกษาประถมศึกษาลำพูน เขต 1 ตามโครงการประกวดแข่งขันศิลปหัตถกรรมนักเรียน,500000.00,0.00,0.00,0.00,500000.00,0.00
เงินอุดหนุน,เงินอุดหนุนส่วนราชการ,งานระดับก่อนวัยเรียนและประถมศึกษา,02) อุดหนุนสำนักงานเขตพื้นที่การศึกษาประถมศึกษาลำพูน เขต 2 ตามโครงการประกวดแข่งขันศิลปหัตถกรรมนักเรียน,445000.00,0.00,0.00,0.00,0.00,445000.00
เงินอุดหนุน,เงินอุดหนุนส่วนราชการ,งานระดับก่อนวัยเรียนและประถมศึกษา,03) อุดหนุนสำนักงานเขตพื้นที่การศึกษาลำพูน เขต 1 ตามโครงการส่งเสริม สนับสนุนการพัฒนาการเรียนการสอนภาษาอังกฤษโรงเรียนในสังกัดสำนักงานเขตพื้นที่การศึกษาประถมศึกษาลำพูน เขต 1,500000.00,0.00,0.00,0.00,500000.00,0.00
เงินอุดหนุน,เงินอุดหนุนส่วนราชการ,งานระดับก่อนวัยเรียนและประถมศึกษา,04) อุดหนุนสำนักงานเขตพื้นที่การศึกษาลำพูน เขต 2 ตามโครงการส่งเสริม สนับสนุนการพัฒนาการเรียนการสอนภาษาอังกฤษโรงเรียนในสังกัดสำนักงานเขตพื้นที่การศึกษาประถมศึกษาลำพูน เขต 2,555000.00,0.00,0.00,0.00,555000.00,0.00
เงินเดือน (ฝ่ายประจำ),เงินเดือนข้าราชการ หรือพนักงานส่วนท้องถิ่น,งานระดับมัธยมศึกษา,เงินเดือนข้าราชการ หรือพนักงานส่วนท้องถิ่น,10974700.00,0.00,0.00,763200.00,2289600.00,7921900.00
เงินเดือน (ฝ่ายประจำ),เงินเพิ่มต่าง ๆ ของข้าราชการ หรือพนักงานส่วนท้องถิ่น,งานระดับมัธยมศึกษา,เงินเพิ่มต่าง ๆ ของข้าราชการ หรือพนักงานส่วนท้องถิ่น,940800.00,0.00,0.00,22400.00,67200.00,851200.00
เงินเดือน (ฝ่ายประจำ),เงินวิทยฐานะ,งานระดับมัธยมศึกษา,เงินวิทยฐานะ,1108800.00,0.00,0.00,67900.00,203700.00,837200.00
เงินเดือน (ฝ่ายประจำ),ค่าตอบแทนพนักงานจ้าง,งานระดับมัธยมศึกษา,ค่าตอบแทนพนักงานจ้าง,2711760.00,0.00,0.00,201930.00,605790.00,1904040.00
เงินเดือน (ฝ่ายประจำ),เงินเพิ่มต่าง ๆ ของพนักงานจ้าง,งานระดับมัธยมศึกษา,เงินเพิ่มต่าง ๆ ของพนักงานจ้าง,79260.00,0.00,0.00,11820.00,35460.00,31980.00
ค่าตอบแทน,เงินช่วยเหลือการศึกษาบุตร,งานระดับมัธยมศึกษา,เงินช่วยเหลือการศึกษาบุตรข้าราชการ/พนักงาน/ลูกจ้างประจำ,44400.00,0.00,0.00,0.00,0.00,44400.00
ค่าใช้สอย,รายจ่ายเกี่ยวเนื่องกับการปฏิบัติราชการที่ไม่เข้าลักษณะรายจ่ายงบรายจ่ายอื่น ๆ,งานระดับมัธยมศึกษา,1)โครงการสนับสนุนค่าใช้จ่ายการบริหารสถานศึกษาของโรงเรียนองค์การบริหารส่วนจังหวัดลำพูน นาทราย,3872660.00,0.00,0.00,0.00,1478991.50,2393668.50
ค่าสาธารณูปโภค,ค่าบริการสื่อสารและโทรคมนาคม,งานระดับมัธยมศึกษา,ค่าบริการสื่อสารและโทรคมนาคม,228000.00,0.00,0.00,139100.00,27820.00,61080.00
ค่าครุภัณฑ์,ครุภัณฑ์ไฟฟ้าและวิทยุ,งานระดับมัธยมศึกษา,โคมไฟถนนพลังงานแสงอาทิตย์ โรงเรียนองค์การบริหารส่วนจังหวัดลำพูน นาทราย,2100000.00,0.00,0.00,0.00,0.00,2100000.00
ค่าครุภัณฑ์,ครุภัณฑ์ดนตรีและนาฏศิลป์,งานระดับมัธยมศึกษา,เครื่องดนตรีวงโยธวาทิตและอุปกรณ์ที่เกี่ยวข้อง,3144000.00,0.00,0.00,0.00,0.00,3144000.00
เงินอุดหนุน,เงินอุดหนุนส่วนราชการ,งานระดับมัธยมศึกษา,01) อุดหนุนสำนักงานเขตพื้นที่การศึกษามัธยมศึกษาลำปาง - ลำพูน ตามโครงการพัฒนาศูนย์จีนศึกษาวัฒนธรรมอาเซียนสู่มาตรฐานสากล,500000.00,0.00,0.00,0.00,0.00,500000.00
เงินอุดหนุน,เงินอุดหนุนส่วนราชการ,งานระดับมัธยมศึกษา,02) อุดหนุนสำนักงานเขตพื้นที่การศึกษามัธยมศึกษาลำปาง ลำพูน ตามโครงการแข่งขันศิลปหัตถกรรมนักเรียน ระดับเขตพื้นที่การศึกษา (กลุ่มโรงเรียนมัธยมศึกษาจังหวัดลำพูน),500000.00,0.00,0.00,0.00,0.00,500000.00
เงินเดือน (ฝ่ายประจำ),เงินเดือนข้าราชการ หรือพนักงานส่วนท้องถิ่น,งานศึกษาไม่กำหนดระดับ,เงินเดือนข้าราชการ หรือพนักงานส่วนท้องถิ่น,3281890.00,0.00,0.00,259400.00,737189.03,2285300.97
เงินเดือน (ฝ่ายประจำ),เงินเพิ่มต่าง ๆ ของข้าราชการ หรือพนักงานส่วนท้องถิ่น,งานศึกษาไม่กำหนดระดับ,เงินเพิ่มต่าง ๆ ของข้าราชการ หรือพนักงานส่วนท้องถิ่น,201600.00,0.00,0.00,5600.00,16800.00,179200.00
เงินเดือน (ฝ่ายประจำ),เงินวิทยฐานะ,งานศึกษาไม่กำหนดระดับ,เงินวิทยฐานะ,327600.00,0.00,0.00,23100.00,69300.00,235200.00
เงินเดือน (ฝ่ายประจำ),ค่าตอบแทนพนักงานจ้าง,งานศึกษาไม่กำหนดระดับ,ค่าตอบแทนพนักงานจ้าง,3167280.00,0.00,0.00,179740.00,539220.00,2448320.00
เงินเดือน (ฝ่ายประจำ),เงินเพิ่มต่าง ๆ ของพนักงานจ้าง,งานศึกษาไม่กำหนดระดับ,เงินเพิ่มต่าง ๆ ของพนักงานจ้าง,56340.00,0.00,0.00,6000.00,18000.00,32340.00
ค่าตอบแทน,เงินช่วยเหลือการศึกษาบุตร,งานศึกษาไม่กำหนดระดับ,เงินช่วยเหลือการศึกษาบุตรข้าราชการ/พนักงาน/ลูกจ้างประจำ,43400.00,0.00,0.00,0.00,0.00,43400.00
ค่าใช้สอย,รายจ่ายเกี่ยวเนื่องกับการปฏิบัติราชการที่ไม่เข้าลักษณะรายจ่ายงบรายจ่ายอื่น ๆ,งานศึกษาไม่กำหนดระดับ,01)โครงการสนับสนุนค่าใช้จ่ายการบริหารสถานศึกษาของวิทยาลัยเทคโนโลยีองค์การบริหารส่วนจังหวัดลำพูน,3557330.00,0.00,0.00,0.00,986325.00,2571005.00
ค่าสาธารณูปโภค,ค่าบริการสื่อสารและโทรคมนาคม,งานศึกษาไม่กำหนดระดับ,ค่าบริการสื่อสารและโทรคมนาคม,300000.00,0.00,0.00,180000.00,36000.00,84000.00
เงินเดือน (ฝ่ายประจำ),เงินเดือนข้าราชการ หรือพนักงานส่วนท้องถิ่น,งานบริหารทั่วไปเกี่ยวกับสาธารณสุข,เงินเดือนข้าราชการ หรือพนักงานส่วนท้องถิ่น,1735740.00,0.00,0.00,177901.29,403000.00,1154838.71
เงินเดือน (ฝ่ายประจำ),เงินเพิ่มต่าง ๆ ของข้าราชการ หรือพนักงานส่วนท้องถิ่น,งานบริหารทั่วไปเกี่ยวกับสาธารณสุข,เงินเพิ่มต่าง ๆ ของข้าราชการ หรือพนักงานส่วนท้องถิ่น,72420.00,0.00,0.00,6170.00,18510.00,47740.00
เงินเดือน (ฝ่ายประจำ),เงินประจำตำแหน่ง,งานบริหารทั่วไปเกี่ยวกับสาธารณสุข,เงินประจำตำแหน่ง,85200.00,0.00,0.00,7051.61,16800.00,61348.39
เงินเดือน (ฝ่ายประจำ),ค่าตอบแทนพนักงานจ้าง,งานบริหารทั่วไปเกี่ยวกับสาธารณสุข,ค่าตอบแทนพนักงานจ้าง,335760.00,0.00,0.00,15000.00,70880.00,249880.00
เงินเดือน (ฝ่ายประจำ),เงินเพิ่มต่าง ๆ ของพนักงานจ้าง,งานบริหารทั่วไปเกี่ยวกับสาธารณสุข,เงินเพิ่มต่าง ๆ ของพนักงานจ้าง,3680.00,0.00,0.00,0.00,3320.00,360.00
ค่าตอบแทน,ค่าตอบแทนการปฏิบัติงานนอกเวลาราชการ,งานบริหารทั่วไปเกี่ยวกับสาธารณสุข,ค่าตอบแทนการปฏิบัติงานนอกเวลาราชการ,100000.00,0.00,0.00,0.00,0.00,100000.00
ค่าตอบแทน,ค่าเช่าบ้าน,งานบริหารทั่วไปเกี่ยวกับสาธารณสุข,ค่าเช่าบ้าน,48000.00,0.00,0.00,0.00,20000.00,28000.00
ค่าใช้สอย,รายจ่ายเพื่อให้ได้มาซึ่งบริการ,งานบริหารทั่วไปเกี่ยวกับสาธารณสุข,01) ค่าจ้างถ่ายเอกสาร ค่าเย็บหนังสือ เข้าเล่ม เข้าปก,100000.00,0.00,0.00,0.00,0.00,100000.00
ค่าใช้สอย,รายจ่ายเพื่อให้ได้มาซึ่งบริการ,งานบริหารทั่วไปเกี่ยวกับสาธารณสุข,02) ค่าเช่ารถยนต์ส่วนกลาง (รถบรรทุกดีเซล),8173440.00,0.00,1439640.00,0.00,0.00,6733800.00
ค่าใช้สอย,รายจ่ายเกี่ยวเนื่องกับการปฏิบัติราชการที่ไม่เข้าลักษณะรายจ่ายงบรายจ่ายอื่น ๆ,งานบริหารทั่วไปเกี่ยวกับสาธารณสุข,01) เงินอุดหนุนการพัฒนาคุณภาพการให้บริการด้านสาธารณสุขของสถานีอนามัยถ่ายโอน,18950000.00,3700000.00,0.00,0.00,22600000.00,50000.00
ค่าใช้สอย,รายจ่ายเกี่ยวเนื่องกับการปฏิบัติราชการที่ไม่เข้าลักษณะรายจ่ายงบรายจ่ายอื่น ๆ,งานบริหารทั่วไปเกี่ยวกับสาธารณสุข,02) ค่าลงทะเบียนในการฝึกอบรม,300000.00,0.00,50000.00,0.00,0.00,250000.00
ค่าใช้สอย,รายจ่ายเกี่ยวเนื่องกับการปฏิบัติราชการที่ไม่เข้าลักษณะรายจ่ายงบรายจ่ายอื่น ๆ,งานบริหารทั่วไปเกี่ยวกับสาธารณสุข,03) ค่าใช้จ่ายในการเดินทางไปราชการในราชอาณาจักร หรือการเดินทางไปราชการต่างประเทศชั่วคราว,300000.00,0.00,50000.00,0.00,10940.00,239060.00
ค่าสาธารณูปโภค,ค่าบริการสื่อสารและโทรคมนาคม,งานบริหารทั่วไปเกี่ยวกับสาธารณสุข,ค่าบริการสื่อสารและโทรคมนาคม,50000.00,0.00,0.00,10700.00,2140.00,37160.00
ค่าครุภัณฑ์,ครุภัณฑ์สำนักงาน,งานบริหารทั่วไปเกี่ยวกับสาธารณสุข,01) ตู้เหล็ก แบบ 2 บาน,6600.00,0.00,0.00,0.00,0.00,6600.00
ค่าครุภัณฑ์,ครุภัณฑ์สำนักงาน,งานบริหารทั่วไปเกี่ยวกับสาธารณสุข,02) โต๊ะทำงาน,19000.00,0.00,0.00,0.00,0.00,19000.00
ค่าครุภัณฑ์,ครุภัณฑ์สำนักงาน,งานบริหารทั่วไปเกี่ยวกับสาธารณสุข,03) เก้าอี้สำนักงาน,6000.00,0.00,0.00,0.00,0.00,6000.00
ค่าครุภัณฑ์,ครุภัณฑ์คอมพิวเตอร์หรืออิเล็กทรอนิกส์,งานบริหารทั่วไปเกี่ยวกับสาธารณสุข,01) เครื่องคอมพิวเตอร์ สำหรับงานประมวลผล แบบที่ 1,48000.00,0.00,0.00,0.00,0.00,48000.00
ค่าครุภัณฑ์,ครุภัณฑ์คอมพิวเตอร์หรืออิเล็กทรอนิกส์,งานบริหารทั่วไปเกี่ยวกับสาธารณสุข,02) เครื่องพิมพ์แบบฉีดหมึกพร้อมติดตั้งถังหมึกพิมพ์ (Ink Tank Printer),8200.00,0.00,0.00,0.00,0.00,8200.00
ค่าครุภัณฑ์,ครุภัณฑ์คอมพิวเตอร์หรืออิเล็กทรอนิกส์,งานบริหารทั่วไปเกี่ยวกับสาธารณสุข,03) เครื่องสำรองไฟฟ้า ขนาด 800 VA,5000.00,0.00,0.00,0.00,0.00,5000.00
เงินเดือน (ฝ่ายประจำ),เงินเดือนข้าราชการ หรือพนักงานส่วนท้องถิ่น,งานโรงพยาบาล,เงินเดือนข้าราชการ หรือพนักงานส่วนท้องถิ่น,57401849.00,0.00,324000.00,9241192.55,26418533.21,21418123.24
เงินเดือน (ฝ่ายประจำ),เงินเพิ่มต่าง ๆ ของข้าราชการ หรือพนักงานส่วนท้องถิ่น,งานโรงพยาบาล,เงินเพิ่มต่าง ๆ ของข้าราชการ หรือพนักงานส่วนท้องถิ่น,1968000.00,0.00,0.00,73000.00,219000.00,1676000.00
เงินเดือน (ฝ่ายประจำ),เงินประจำตำแหน่ง,งานโรงพยาบาล,เงินประจำตำแหน่ง,4240000.00,0.00,0.00,315000.00,917451.75,3007548.25
เงินเดือน (ฝ่ายประจำ),ค่าจ้างลูกจ้างประจำ,งานโรงพยาบาล,ค่าจ้างลูกจ้างประจำ,0.00,324000.00,0.00,26460.00,78526.45,219013.55
ค่าตอบแทน,ค่าตอบแทนผู้ปฏิบัติราชการอันเป็นประโยชน์แก่องค์กรปกครองส่วนท้องถิ่น,งานโรงพยาบาล,ค่าตอบแทนเจ้าหน้าที่ที่ปฏิบัติงานให้แก่หน่วยงานบริการสาธารณสุขขององค์กรปกครองส่วนท้องถิ่น,7300000.00,0.00,0.00,0.00,0.00,7300000.00
ค่าตอบแทน,ค่าเช่าบ้าน,งานโรงพยาบาล,ค่าเช่าบ้าน,72000.00,0.00,0.00,0.00,0.00,72000.00
ค่าตอบแทน,เงินช่วยเหลือการศึกษาบุตร,งานโรงพยาบาล,เงินช่วยเหลือการศึกษาบุตรข้าราชการ/พนักงาน/ลูกจ้างประจำ,750000.00,0.00,0.00,0.00,63700.00,686300.00
เงินเดือน (ฝ่ายประจำ),เงินเดือนข้าราชการ หรือพนักงานส่วนท้องถิ่น,งานบริการสาธารณสุขและงานสาธารณสุขอื่น,เงินเดือนข้าราชการ หรือพนักงานส่วนท้องถิ่น,5583540.00,0.00,0.00,121130.00,382114.20,5080295.80
เงินเดือน (ฝ่ายประจำ),เงินเพิ่มต่าง ๆ ของข้าราชการ หรือพนักงานส่วนท้องถิ่น,งานบริการสาธารณสุขและงานสาธารณสุขอื่น,เงินเพิ่มต่าง ๆ ของข้าราชการ หรือพนักงานส่วนท้องถิ่น,24000.00,0.00,0.00,0.00,0.00,24000.00
เงินเดือน (ฝ่ายประจำ),ค่าตอบแทนพนักงานจ้าง,งานบริการสาธารณสุขและงานสาธารณสุขอื่น,ค่าตอบแทนพนักงานจ้าง,1221720.00,0.00,0.00,49260.00,160330.00,1012130.00
เงินเดือน (ฝ่ายประจำ),เงินเพิ่มต่าง ๆ ของพนักงานจ้าง,งานบริการสาธารณสุขและงานสาธารณสุขอื่น,เงินเพิ่มต่าง ๆ ของพนักงานจ้าง,9780.00,0.00,0.00,0.00,2000.00,7780.00
ค่าตอบแทน,ค่าตอบแทนผู้ปฏิบัติราชการอันเป็นประโยชน์แก่องค์กรปกครองส่วนท้องถิ่น,งานบริการสาธารณสุขและงานสาธารณสุขอื่น,ค่าตอบแทนผู้ปฏิบัติราชการอันเป็นประโยชน์แก่องค์กรปกครองส่วนท้องถิ่น,1500000.00,0.00,0.00,0.00,103040.00,1396960.00
ค่าใช้สอย,รายจ่ายเกี่ยวเนื่องกับการปฏิบัติราชการที่ไม่เข้าลักษณะรายจ่ายงบรายจ่ายอื่น ๆ,งานบริการสาธารณสุขและงานสาธารณสุขอื่น,01) โครงการส่งเสริมสุขภาพของประชาชนในจังหวัดลำพูน,100000.00,0.00,0.00,0.00,0.00,100000.00
ค่าใช้สอย,รายจ่ายเกี่ยวเนื่องกับการปฏิบัติราชการที่ไม่เข้าลักษณะรายจ่ายงบรายจ่ายอื่น ๆ,งานบริการสาธารณสุขและงานสาธารณสุขอื่น,02) โครงการป้องกัน ควบคุม และแก้ไขปัญหาโรคในจังหวัดลำพูน,300000.00,0.00,0.00,0.00,0.00,300000.00
ค่าใช้สอย,รายจ่ายเกี่ยวเนื่องกับการปฏิบัติราชการที่ไม่เข้าลักษณะรายจ่ายงบรายจ่ายอื่น ๆ,งานบริการสาธารณสุขและงานสาธารณสุขอื่น,03) โครงการพัฒนาระบบบริการสุขภาพ,500000.00,0.00,0.00,0.00,0.00,500000.00
ค่าใช้สอย,รายจ่ายเกี่ยวเนื่องกับการปฏิบัติราชการที่ไม่เข้าลักษณะรายจ่ายงบรายจ่ายอื่น ๆ,งานบริการสาธารณสุขและงานสาธารณสุขอื่น,04) โครงการพัฒนาศักยภาพบุคลากรสาธารณสุข,500000.00,0.00,0.00,0.00,0.00,500000.00
ค่าใช้สอย,รายจ่ายเกี่ยวเนื่องกับการปฏิบัติราชการที่ไม่เข้าลักษณะรายจ่ายงบรายจ่ายอื่น ๆ,งานบริการสาธารณสุขและงานสาธารณสุขอื่น,05) โครงการส่งเสริมการอบรมแพทย์แผนไทย,300000.00,0.00,0.00,0.00,0.00,300000.00
ค่าใช้สอย,รายจ่ายเกี่ยวเนื่องกับการปฏิบัติราชการที่ไม่เข้าลักษณะรายจ่ายงบรายจ่ายอื่น ๆ,งานบริการสาธารณสุขและงานสาธารณสุขอื่น,06) โครงการพัฒนาศักยภาพผู้ปฏิบัติการการแพทย์ฉุกเฉิน,500000.00,0.00,0.00,0.00,16100.00,483900.00
ค่าใช้สอย,รายจ่ายเกี่ยวเนื่องกับการปฏิบัติราชการที่ไม่เข้าลักษณะรายจ่ายงบรายจ่ายอื่น ๆ,งานบริการสาธารณสุขและงานสาธารณสุขอื่น,07) โครงการฟื้นฟูสมรรถภาพทางการแพทย์,300000.00,0.00,0.00,0.00,0.00,300000.00
ค่าใช้สอย,รายจ่ายเกี่ยวเนื่องกับการปฏิบัติราชการที่ไม่เข้าลักษณะรายจ่ายงบรายจ่ายอื่น ๆ,งานบริการสาธารณสุขและงานสาธารณสุขอื่น,08) โครงการ Smart health,1500000.00,0.00,0.00,0.00,0.00,1500000.00
ค่าใช้สอย,รายจ่ายเกี่ยวเนื่องกับการปฏิบัติราชการที่ไม่เข้าลักษณะรายจ่ายงบรายจ่ายอื่น ๆ,งานบริการสาธารณสุขและงานสาธารณสุขอื่น,09) โครงการส่งเสริมและพัฒนาระบบการแพทย์ฉุกเฉิน จังหวัดลำพูน,300000.00,0.00,0.00,0.00,0.00,300000.00
ค่าวัสดุ,วัสดุวิทยาศาสตร์หรือการแพทย์,งานบริการสาธารณสุขและงานสาธารณสุขอื่น,วัสดุวิทยาศาสตร์หรือการแพทย์,1500000.00,0.00,0.00,0.00,0.00,1500000.00
ค่าครุภัณฑ์,ครุภัณฑ์วิทยาศาสตร์หรือการแพทย์,งานบริการสาธารณสุขและงานสาธารณสุขอื่น,01) เครื่องวัดความดันโลหิตอัตโนมัติ,962280.00,0.00,0.00,0.00,0.00,962280.00
ค่าครุภัณฑ์,ครุภัณฑ์วิทยาศาสตร์หรือการแพทย์,งานบริการสาธารณสุขและงานสาธารณสุขอื่น,02) เครื่องวัดออกซิเจนปลายนิ้วอัตโนมัติ,383940.00,0.00,0.00,0.00,0.00,383940.00
ค่าครุภัณฑ์,ครุภัณฑ์วิทยาศาสตร์หรือการแพทย์,งานบริการสาธารณสุขและงานสาธารณสุขอื่น,03) เครื่องเจาะน้ำตาลปลายนิ้ว,874800.00,0.00,0.00,0.00,0.00,874800.00
ค่าใช้สอย,รายจ่ายเกี่ยวเนื่องกับการปฏิบัติราชการที่ไม่เข้าลักษณะรายจ่ายงบรายจ่ายอื่น ๆ,งานสวัสดิการสังคมและสังคมสงเคราะห์,01) โครงการส่งเสริมและพัฒนาศักยภาพผู้สูงอายุในจังหวัดลำพูน,1000000.00,0.00,0.00,0.00,0.00,1000000.00
เงินเดือน (ฝ่ายประจำ),เงินเดือนข้าราชการ หรือพนักงานส่วนท้องถิ่น,รวมงานกำจัดขยะมูลฝอยและสิ่งปฏิกูล,เงินเดือนข้าราชการ หรือพนักงานส่วนท้องถิ่น,842280.00,0.00,0.00,39660.00,131780.00,670840.00
เงินเดือน (ฝ่ายประจำ),เงินประจำตำแหน่ง,รวมงานกำจัดขยะมูลฝอยและสิ่งปฏิกูล,เงินประจำตำแหน่ง,18000.00,0.00,0.00,0.00,0.00,18000.00
เงินเดือน (ฝ่ายประจำ),ค่าตอบแทนพนักงานจ้าง,รวมงานกำจัดขยะมูลฝอยและสิ่งปฏิกูล,ค่าตอบแทนพนักงานจ้าง,138000.00,0.00,0.00,0.00,0.00,138000.00
เงินเดือน (ฝ่ายประจำ),เงินเพิ่มต่าง ๆ ของพนักงานจ้าง,รวมงานกำจัดขยะมูลฝอยและสิ่งปฏิกูล,เงินเพิ่มต่าง ๆ ของพนักงานจ้าง,21420.00,0.00,0.00,0.00,0.00,21420.00
ค่าใช้สอย,รายจ่ายเพื่อให้ได้มาซึ่งบริการ,รวมงานกำจัดขยะมูลฝอยและสิ่งปฏิกูล,โครงการจ้างเหมาการจัดการขยะอันตรายจากชุมชนของจังหวัดลำพูน,0.00,300000.00,0.00,0.00,0.00,300000.00
เงินเดือน (ฝ่ายประจำ),เงินเดือนข้าราชการ หรือพนักงานส่วนท้องถิ่น,งานส่งเสริมและสนับสนุนความเข้มแข็งชุมชน,เงินเดือนข้าราชการ หรือพนักงานส่วนท้องถิ่น,251460.00,0.00,0.00,22230.00,73590.00,155640.00
ค่าใช้สอย,รายจ่ายเพื่อให้ได้มาซึ่งบริการ,งานส่งเสริมและสนับสนุนความเข้มแข็งชุมชน,01) โครงการจ้างเหมาจัดทำระบบสารสนเทศเพื่อพัฒนาและตรวจสอบมาตรฐานสินค้าสิ่งบ่งชี้ทางภูมิศาสตร์ (GI) ขององค์การบริหารส่วนจังหวัดลำพูน,500000.00,0.00,0.00,0.00,0.00,500000.00
ค่าใช้สอย,รายจ่ายเพื่อให้ได้มาซึ่งบริการ,งานส่งเสริมและสนับสนุนความเข้มแข็งชุมชน,02) โครงการจ้างเหมาบริการบุคคลภายนอกเพื่อดำเนินการจัดทำทะเบียนภูมิปัญญาท้องถิ่น/ปราชญ์ชาวบ้าน ขององค์การบริหารส่วนจังหวัดลำพูน,300000.00,0.00,0.00,0.00,0.00,300000.00
ค่าใช้สอย,รายจ่ายเกี่ยวเนื่องกับการปฏิบัติราชการที่ไม่เข้าลักษณะรายจ่ายงบรายจ่ายอื่น ๆ,งานส่งเสริมและสนับสนุนความเข้มแข็งชุมชน,01) โครงการช่วยเหลือประชาชนด้านการส่งเสริมและพัฒนาคุณภาพชีวิตขององค์การบริหารส่วนจังหวัดลำพูน,300000.00,0.00,0.00,0.00,0.00,300000.00
ค่าใช้สอย,รายจ่ายเกี่ยวเนื่องกับการปฏิบัติราชการที่ไม่เข้าลักษณะรายจ่ายงบรายจ่ายอื่น ๆ,งานส่งเสริมและสนับสนุนความเข้มแข็งชุมชน,02) โครงการส่งเสริมพัฒนายกระดับผลิตภัณฑ์สินค้าจากภูมิปัญญาท้องถิ่นและตรวจสอบมาตรฐานคุณภาพสินค้าสิ่งบ่งชี้ทางภูมิศาสตร์ (GI) ขององค์การบริหารส่วนจังหวัดลำพูน,1000000.00,0.00,0.00,0.00,0.00,1000000.00
ค่าใช้สอย,รายจ่ายเกี่ยวเนื่องกับการปฏิบัติราชการที่ไม่เข้าลักษณะรายจ่ายงบรายจ่ายอื่น ๆ,งานส่งเสริมและสนับสนุนความเข้มแข็งชุมชน,03) โครงการพัฒนาศักยภาพและเสริมสร้างความเข้มแข็งกลุ่มสตรีจังหวัดลำพูน,1500000.00,0.00,0.00,0.00,0.00,1500000.00
ค่าใช้สอย,รายจ่ายเกี่ยวเนื่องกับการปฏิบัติราชการที่ไม่เข้าลักษณะรายจ่ายงบรายจ่ายอื่น ๆ,งานส่งเสริมและสนับสนุนความเข้มแข็งชุมชน,04) โครงการส่งเสริมอาชีพเกษตรกรรมท้องถิ่นและพัฒนาคุณภาพชีวิตของจังหวัดลำพูน,1000000.00,0.00,0.00,0.00,0.00,1000000.00
ค่าใช้สอย,รายจ่ายเกี่ยวเนื่องกับการปฏิบัติราชการที่ไม่เข้าลักษณะรายจ่ายงบรายจ่ายอื่น ๆ,งานส่งเสริมและสนับสนุนความเข้มแข็งชุมชน,05) โครงการพัฒนาตามแนวพระราชดําริและหลักปรัชญาเศรษฐกิจพอเพียง,100000.00,0.00,0.00,0.00,0.00,100000.00
ค่าใช้สอย,รายจ่ายเกี่ยวเนื่องกับการปฏิบัติราชการที่ไม่เข้าลักษณะรายจ่ายงบรายจ่ายอื่น ๆ,งานส่งเสริมและสนับสนุนความเข้มแข็งชุมชน,06) โครงการจัดกิจกรรมเพื่อป้องกันและแก้ไขปัญหายาเสพติดองค์การบริหารส่วนจังหวัดลำพูน,1000000.00,0.00,0.00,0.00,0.00,1000000.00
ค่าวัสดุ,วัสดุวิทยาศาสตร์หรือการแพทย์,งานส่งเสริมและสนับสนุนความเข้มแข็งชุมชน,วัสดุวิทยาศาสตร์หรือการแพทย์,300000.00,0.00,0.00,0.00,0.00,300000.00
เงินอุดหนุน,เงินอุดหนุนองค์กรปกครองส่วนท้องถิ่น,งานส่งเสริมและสนับสนุนความเข้มแข็งชุมชน,01) อุดหนุนเทศบาลตำบลศรีบัวบาน ตามโครงการจัดงานมหกรรมเฟอร์นิเจอร์บ้านม้าแฟร์ของดีจังหวัดลำพูน,240000.00,0.00,0.00,0.00,0.00,240000.00
เงินอุดหนุน,เงินอุดหนุนองค์กรปกครองส่วนท้องถิ่น,งานส่งเสริมและสนับสนุนความเข้มแข็งชุมชน,02) อุดหนุนเทศบาลตําบลทาทุ่งหลวง ตามโครงการจัดงานมหกรรมไม้แกะสลักและของดีอำเภอแม่ทา,400000.00,0.00,0.00,0.00,0.00,400000.00
เงินอุดหนุน,เงินอุดหนุนองค์กรปกครองส่วนท้องถิ่น,งานส่งเสริมและสนับสนุนความเข้มแข็งชุมชน,03) อุดหนุนเทศบาลตำบลป่าไผ่ ตามโครงการส่งเสริมผลผลิตมะม่วงมหาชนกของดีตำบลป่าไผ่,160000.00,0.00,0.00,0.00,0.00,160000.00
เงินอุดหนุน,เงินอุดหนุนองค์กรปกครองส่วนท้องถิ่น,งานส่งเสริมและสนับสนุนความเข้มแข็งชุมชน,04) อุดหนุนเทศบาลตำบลแม่แรง ตามโครงการบาติกงามพร้อม มัดย้อมงามตา งานผ้ากองงาม,180000.00,0.00,0.00,0.00,0.00,180000.00
เงินอุดหนุน,เงินอุดหนุนองค์กรปกครองส่วนท้องถิ่น,งานส่งเสริมและสนับสนุนความเข้มแข็งชุมชน,05) อุดหนุนเทศบาลตำบลแม่แรง ตามโครงการ จัดงานแต่งสี อวดลาย ผ้าฝ้ายดอนหลวง,260000.00,0.00,0.00,0.00,0.00,260000.00
เงินอุดหนุน,เงินอุดหนุนองค์กรปกครองส่วนท้องถิ่น,งานส่งเสริมและสนับสนุนความเข้มแข็งชุมชน,06) อุดหนุนเทศบาลตำบลแม่แรง ตามโครงการสืบสานตำนานฝ้ายงามหนองเงือก,210000.00,0.00,0.00,0.00,0.00,210000.00
เงินอุดหนุน,เงินอุดหนุนองค์กรปกครองส่วนท้องถิ่น,งานส่งเสริมและสนับสนุนความเข้มแข็งชุมชน,07) อุดหนุนองค์การบริหารส่วนตำบลน้ำดิบ ตามโครงการวิถีชีวิตคนตำบลน้ำดิบกับไก่เหล่าป่าก๋อย,300000.00,0.00,0.00,0.00,0.00,300000.00
เงินเดือน (ฝ่ายประจำ),เงินเดือนข้าราชการ หรือพนักงานส่วนท้องถิ่น,งานบริหารทั่วไปเกี่ยวกับศาสนา วัฒนธรรม และนันทนาการ,เงินเดือนข้าราชการ หรือพนักงานส่วนท้องถิ่น,1283040.00,0.00,0.00,50290.00,25350.33,1207399.67
เงินเดือน (ฝ่ายประจำ),เงินเพิ่มต่าง ๆ ของข้าราชการ หรือพนักงานส่วนท้องถิ่น,งานบริหารทั่วไปเกี่ยวกับศาสนา วัฒนธรรม และนันทนาการ,เงินเพิ่มต่าง ๆ ของข้าราชการ หรือพนักงานส่วนท้องถิ่น,24000.00,0.00,0.00,0.00,0.00,24000.00
เงินเดือน (ฝ่ายประจำ),เงินประจำตำแหน่ง,งานบริหารทั่วไปเกี่ยวกับศาสนา วัฒนธรรม และนันทนาการ,เงินประจำตำแหน่ง,36000.00,0.00,0.00,1451.61,0.00,34548.39
เงินเดือน (ฝ่ายประจำ),ค่าตอบแทนพนักงานจ้าง,งานบริหารทั่วไปเกี่ยวกับศาสนา วัฒนธรรม และนันทนาการ,ค่าตอบแทนพนักงานจ้าง,403200.00,0.00,0.00,24700.00,74100.00,304400.00
เงินเดือน (ฝ่ายประจำ),เงินเพิ่มต่าง ๆ ของพนักงานจ้าง,งานบริหารทั่วไปเกี่ยวกับศาสนา วัฒนธรรม และนันทนาการ,เงินเพิ่มต่าง ๆ ของพนักงานจ้าง,24000.00,0.00,0.00,2000.00,6000.00,16000.00
เงินเดือน (ฝ่ายประจำ),เงินเดือนข้าราชการ หรือพนักงานส่วนท้องถิ่น,รวมงานกีฬาและนันทนาการ,เงินเดือนข้าราชการ หรือพนักงานส่วนท้องถิ่น,566880.00,0.00,0.00,23340.00,75520.00,468020.00
เงินเดือน (ฝ่ายประจำ),เงินเพิ่มต่าง ๆ ของข้าราชการ หรือพนักงานส่วนท้องถิ่น,รวมงานกีฬาและนันทนาการ,เงินเพิ่มต่าง ๆ ของข้าราชการ หรือพนักงานส่วนท้องถิ่น,24000.00,0.00,0.00,0.00,0.00,24000.00
เงินเดือน (ฝ่ายประจำ),ค่าตอบแทนพนักงานจ้าง,รวมงานกีฬาและนันทนาการ,ค่าตอบแทนพนักงานจ้าง,1370880.00,0.00,0.00,97791.94,315150.00,957938.06
เงินเดือน (ฝ่ายประจำ),เงินเพิ่มต่าง ๆ ของพนักงานจ้าง,รวมงานกีฬาและนันทนาการ,เงินเพิ่มต่าง ๆ ของพนักงานจ้าง,90180.00,0.00,0.00,9627.10,33720.00,46832.90
ค่าใช้สอย,รายจ่ายเพื่อให้ได้มาซึ่งบริการ,รวมงานกีฬาและนันทนาการ,01) ค่าจ้างเหมาบริการทำของและการบริการ,700000.00,0.00,0.00,416500.00,83300.00,200200.00
ค่าใช้สอย,รายจ่ายเกี่ยวเนื่องกับการปฏิบัติราชการที่ไม่เข้าลักษณะรายจ่ายงบรายจ่ายอื่น ๆ,รวมงานกีฬาและนันทนาการ,01) โครงการส่งเสริมการแข่งขันกีฬาต้านยาเสพติดแบบบูรณาการในจังหวัดลำพูน,2000000.00,0.00,0.00,0.00,0.00,2000000.00
ค่าใช้สอย,รายจ่ายเกี่ยวเนื่องกับการปฏิบัติราชการที่ไม่เข้าลักษณะรายจ่ายงบรายจ่ายอื่น ๆ,รวมงานกีฬาและนันทนาการ,02) โครงการนำนักเรียนเข้าแข่งขันกีฬานักเรียนองค์กรปกครองส่วนท้องถิ่นของสถานศึกษาในสังกัดองค์การบริหารส่วนจังหวัดลำพูน,500000.00,0.00,0.00,205510.00,228238.00,66252.00
ค่าใช้สอย,รายจ่ายเกี่ยวเนื่องกับการปฏิบัติราชการที่ไม่เข้าลักษณะรายจ่ายงบรายจ่ายอื่น ๆ,รวมงานกีฬาและนันทนาการ,03) โครงการพัฒนาบุคลากรสนามกีฬากลางองค์การบริหารส่วนจังหวัดลำพูน,12000.00,0.00,0.00,0.00,0.00,12000.00
ค่าสาธารณูปโภค,ค่าบริการสื่อสารและโทรคมนาคม,รวมงานกีฬาและนันทนาการ,ค่าบริการสื่อสารและโทรคมนาคม,10000.00,0.00,0.00,6313.00,1262.60,2424.40
เงินเดือน (ฝ่ายประจำ),เงินเดือนข้าราชการ หรือพนักงานส่วนท้องถิ่น,งานศาสนาวัฒนธรรมท้องถิ่น,เงินเดือนข้าราชการ หรือพนักงานส่วนท้องถิ่น,1353720.00,0.00,0.00,82690.00,366370.00,904660.00
ค่าตอบแทน,ค่าเช่าบ้าน,งานศาสนาวัฒนธรรมท้องถิ่น,ค่าเช่าบ้าน,48000.00,0.00,0.00,3500.00,10500.00,34000.00
ค่าใช้สอย,รายจ่ายเกี่ยวเนื่องกับการปฏิบัติราชการที่ไม่เข้าลักษณะรายจ่ายงบรายจ่ายอื่น ๆ,งานศาสนาวัฒนธรรมท้องถิ่น,01) โครงการฝึกอบรมพัฒนาศักยภาพผู้นำศาสนาและผู้ที่เกี่ยวข้องในจังหวัดลำพูน ขององค์การบริหารส่วนจังหวัดลำพูน,300000.00,0.00,0.00,0.00,0.00,300000.00
ค่าใช้สอย,รายจ่ายเกี่ยวเนื่องกับการปฏิบัติราชการที่ไม่เข้าลักษณะรายจ่ายงบรายจ่ายอื่น ๆ,งานศาสนาวัฒนธรรมท้องถิ่น,02) โครงการประเพณีสลากภัต สลากย้อมประจำปี,500000.00,0.00,0.00,0.00,0.00,500000.00
ค่าใช้สอย,รายจ่ายเกี่ยวเนื่องกับการปฏิบัติราชการที่ไม่เข้าลักษณะรายจ่ายงบรายจ่ายอื่น ๆ,งานศาสนาวัฒนธรรมท้องถิ่น,03) โครงการส่งเสริมประเพณีสรงน้ำพระบรมธาตุหริภุญชัย,1000000.00,0.00,0.00,0.00,0.00,1000000.00
ค่าใช้สอย,รายจ่ายเกี่ยวเนื่องกับการปฏิบัติราชการที่ไม่เข้าลักษณะรายจ่ายงบรายจ่ายอื่น ๆ,งานศาสนาวัฒนธรรมท้องถิ่น,04) โครงการส่งเสริมพัฒนาศักยภาพเครือข่ายวัฒนธรรมจังหวัดลำพูน,300000.00,0.00,0.00,0.00,0.00,300000.00
ค่าใช้สอย,รายจ่ายเกี่ยวเนื่องกับการปฏิบัติราชการที่ไม่เข้าลักษณะรายจ่ายงบรายจ่ายอื่น ๆ,งานศาสนาวัฒนธรรมท้องถิ่น,05) โครงการฝึกอบรมคุณธรรมและจริยธรรม เด็กเยาวชนและประชาชนในจังหวัดลำพูน,500000.00,0.00,0.00,0.00,0.00,500000.00
ค่าใช้สอย,รายจ่ายเกี่ยวเนื่องกับการปฏิบัติราชการที่ไม่เข้าลักษณะรายจ่ายงบรายจ่ายอื่น ๆ,งานศาสนาวัฒนธรรมท้องถิ่น,06) โครงการบรรพชาสามเณรภาคฤดูร้อนในจังหวัดลำพูน,200000.00,0.00,0.00,0.00,0.00,200000.00
ค่าใช้สอย,รายจ่ายเกี่ยวเนื่องกับการปฏิบัติราชการที่ไม่เข้าลักษณะรายจ่ายงบรายจ่ายอื่น ๆ,งานศาสนาวัฒนธรรมท้องถิ่น,07) โครงการส่งเสริมประเพณีหล่อเทียนและแห่เทียนพรรษาในจังหวัดลำพูน,200000.00,0.00,0.00,0.00,0.00,200000.00
ค่าใช้สอย,รายจ่ายเกี่ยวเนื่องกับการปฏิบัติราชการที่ไม่เข้าลักษณะรายจ่ายงบรายจ่ายอื่น ๆ,งานศาสนาวัฒนธรรมท้องถิ่น,08) โครงการส่งเสริมประเพณีปี๋ใหม่เมือง,800000.00,0.00,0.00,0.00,0.00,800000.00
ค่าใช้สอย,รายจ่ายเกี่ยวเนื่องกับการปฏิบัติราชการที่ไม่เข้าลักษณะรายจ่ายงบรายจ่ายอื่น ๆ,งานศาสนาวัฒนธรรมท้องถิ่น,09) โครงการส่งเสริมการอนุรักษ์ สืบสาน ฟื้นฟู และเผยแพร่วิถีชีวิตชาติพันธุ์ต่าง ๆ,750000.00,0.00,0.00,0.00,0.00,750000.00
ค่าใช้สอย,รายจ่ายเกี่ยวเนื่องกับการปฏิบัติราชการที่ไม่เข้าลักษณะรายจ่ายงบรายจ่ายอื่น ๆ,งานศาสนาวัฒนธรรมท้องถิ่น,10) โครงการจัดงานพระนางจามเทวี (พระแม่นั่งเมือง),500000.00,0.00,234600.00,0.00,265400.00,0.00
ค่าใช้สอย,รายจ่ายเกี่ยวเนื่องกับการปฏิบัติราชการที่ไม่เข้าลักษณะรายจ่ายงบรายจ่ายอื่น ๆ,งานศาสนาวัฒนธรรมท้องถิ่น,11) โครงการส่งเสริมประเพณียี่เป็ง,300000.00,0.00,190000.00,0.00,110000.00,0.00
ค่าใช้สอย,รายจ่ายเกี่ยวเนื่องกับการปฏิบัติราชการที่ไม่เข้าลักษณะรายจ่ายงบรายจ่ายอื่น ๆ,งานศาสนาวัฒนธรรมท้องถิ่น,12) โครงการส่งเสริมประเพณีสรงน้ำวัดพระบาทตากผ้า,300000.00,0.00,0.00,0.00,0.00,300000.00
ค่าใช้สอย,รายจ่ายเกี่ยวเนื่องกับการปฏิบัติราชการที่ไม่เข้าลักษณะรายจ่ายงบรายจ่ายอื่น ๆ,งานศาสนาวัฒนธรรมท้องถิ่น,13) โครงการสืบสานวัฒนธรรมประเพณีโคมยี่เป็งในจังหวัดลำพูน,500000.00,0.00,0.00,0.00,500000.00,0.00
ค่าใช้สอย,รายจ่ายเกี่ยวเนื่องกับการปฏิบัติราชการที่ไม่เข้าลักษณะรายจ่ายงบรายจ่ายอื่น ๆ,งานศาสนาวัฒนธรรมท้องถิ่น,14) โครงการส่งเสริมประเพณีไหว้เจ้าพ่อผาด่าน อำเภอแม่ทา,200000.00,0.00,0.00,0.00,0.00,200000.00
ค่าใช้สอย,รายจ่ายเกี่ยวเนื่องกับการปฏิบัติราชการที่ไม่เข้าลักษณะรายจ่ายงบรายจ่ายอื่น ๆ,งานศาสนาวัฒนธรรมท้องถิ่น,15) โครงการไหว้สาปาระมีครูบาเจ้าศรีวิชัย วัดดอยติ,600000.00,0.00,0.00,0.00,0.00,600000.00
ค่าใช้สอย,รายจ่ายเกี่ยวเนื่องกับการปฏิบัติราชการที่ไม่เข้าลักษณะรายจ่ายงบรายจ่ายอื่น ๆ,งานศาสนาวัฒนธรรมท้องถิ่น,16) โครงการฝึกอบรมและการจัดกิจกรรมสืบสานวัฒนธรรมท้องถิ่นประเพณีพื้นบ้านภูมิปัญญาท้องถิ่นในจังหวัดลำพูน,300000.00,0.00,0.00,0.00,0.00,300000.00
ค่าใช้สอย,รายจ่ายเกี่ยวเนื่องกับการปฏิบัติราชการที่ไม่เข้าลักษณะรายจ่ายงบรายจ่ายอื่น ๆ,งานศาสนาวัฒนธรรมท้องถิ่น,17) โครงการจัดกิจกรรมส่งเสริมประเพณีวัฒนธรรมท้องถิ่นประจำปีแบบบูรณาการ,550000.00,0.00,0.00,0.00,0.00,550000.00
ค่าใช้สอย,รายจ่ายเกี่ยวเนื่องกับการปฏิบัติราชการที่ไม่เข้าลักษณะรายจ่ายงบรายจ่ายอื่น ๆ,งานศาสนาวัฒนธรรมท้องถิ่น,18) โครงการอนุรักษ์พระดีศรีหริภุญชัยและเผยแพร่ภูมิปัญญา,300000.00,0.00,0.00,0.00,0.00,300000.00
ค่าใช้สอย,รายจ่ายเกี่ยวเนื่องกับการปฏิบัติราชการที่ไม่เข้าลักษณะรายจ่ายงบรายจ่ายอื่น ๆ,งานศาสนาวัฒนธรรมท้องถิ่น,19) โครงการส่งเสริมประเพณีแห่แค่หลวง อำเภอบ้านโฮ่ง,200000.00,0.00,0.00,0.00,200000.00,0.00
ค่าใช้สอย,รายจ่ายเกี่ยวเนื่องกับการปฏิบัติราชการที่ไม่เข้าลักษณะรายจ่ายงบรายจ่ายอื่น ๆ,งานศาสนาวัฒนธรรมท้องถิ่น,20) โครงการส่งเสริมประเพณีไหว้สาสี่ครูบาในจังหวัดลำพูน,500000.00,0.00,0.00,0.00,0.00,500000.00
ค่าใช้สอย,รายจ่ายเกี่ยวเนื่องกับการปฏิบัติราชการที่ไม่เข้าลักษณะรายจ่ายงบรายจ่ายอื่น ๆ,งานศาสนาวัฒนธรรมท้องถิ่น,21) โครงการส่งเสริมประเพณีแห่ไม้ค้ำโพธิ์,100000.00,0.00,0.00,0.00,0.00,100000.00
เงินเดือน (ฝ่ายประจำ),เงินเดือนข้าราชการ หรือพนักงานส่วนท้องถิ่น,งานวิชาการวางแผนและส่งเสริมการท่องเที่ยว,เงินเดือนข้าราชการ หรือพนักงานส่วนท้องถิ่น,437040.00,0.00,0.00,18200.00,68493.55,350346.45
เงินเดือน (ฝ่ายประจำ),ค่าตอบแทนพนักงานจ้าง,งานวิชาการวางแผนและส่งเสริมการท่องเที่ยว,ค่าตอบแทนพนักงานจ้าง,589310.00,0.00,0.00,22580.00,67740.00,498990.00
ค่าใช้สอย,รายจ่ายเพื่อให้ได้มาซึ่งบริการ,งานวิชาการวางแผนและส่งเสริมการท่องเที่ยว,01) โครงการประดับตกแต่งไฟเพื่อส่งเสริมการท่องเที่ยวเชิงวัฒนธรรม “เทศกาลโคมแสนดวงที่เมืองลำพูน”,480000.00,0.00,0.00,0.00,480000.00,0.00
ค่าใช้สอย,รายจ่ายเพื่อให้ได้มาซึ่งบริการ,งานวิชาการวางแผนและส่งเสริมการท่องเที่ยว,02) โครงการจัดทำสื่อประชาสัมพันธ์การท่องเที่ยวจังหวัดลำพูน,500000.00,0.00,0.00,0.00,0.00,500000.00
ค่าใช้สอย,รายจ่ายเกี่ยวเนื่องกับการปฏิบัติราชการที่ไม่เข้าลักษณะรายจ่ายงบรายจ่ายอื่น ๆ,งานวิชาการวางแผนและส่งเสริมการท่องเที่ยว,01) โครงการส่งเสริมและพัฒนาการท่องเที่ยวจังหวัดลำพูน,3000000.00,0.00,0.00,0.00,0.00,3000000.00
เงินเดือน (ฝ่ายประจำ),เงินเดือนข้าราชการ หรือพนักงานส่วนท้องถิ่น,งานบริหารทั่วไปเกี่ยวกับอุตสาหกรรมและการโยธา,เงินเดือนข้าราชการ หรือพนักงานส่วนท้องถิ่น,5375340.00,0.00,0.00,403753.55,955095.82,4016490.63
เงินเดือน (ฝ่ายประจำ),เงินเพิ่มต่าง ๆ ของข้าราชการ หรือพนักงานส่วนท้องถิ่น,งานบริหารทั่วไปเกี่ยวกับอุตสาหกรรมและการโยธา,เงินเพิ่มต่าง ๆ ของข้าราชการ หรือพนักงานส่วนท้องถิ่น,180000.00,0.00,0.00,14596.77,7500.00,157903.23
เงินเดือน (ฝ่ายประจำ),เงินประจำตำแหน่ง,งานบริหารทั่วไปเกี่ยวกับอุตสาหกรรมและการโยธา,เงินประจำตำแหน่ง,252000.00,0.00,0.00,20596.77,25500.00,205903.23
เงินเดือน (ฝ่ายประจำ),ค่าจ้างลูกจ้างประจำ,งานบริหารทั่วไปเกี่ยวกับอุตสาหกรรมและการโยธา,ค่าจ้างลูกจ้างประจำ,305800.00,0.00,300000.00,0.00,0.00,5800.00
เงินเดือน (ฝ่ายประจำ),ค่าตอบแทนพนักงานจ้าง,งานบริหารทั่วไปเกี่ยวกับอุตสาหกรรมและการโยธา,ค่าตอบแทนพนักงานจ้าง,423050.00,0.00,0.00,26200.00,78600.00,318250.00
เงินเดือน (ฝ่ายประจำ),เงินเพิ่มต่าง ๆ ของพนักงานจ้าง,งานบริหารทั่วไปเกี่ยวกับอุตสาหกรรมและการโยธา,เงินเพิ่มต่าง ๆ ของพนักงานจ้าง,24000.00,0.00,0.00,2000.00,6000.00,16000.00
ค่าตอบแทน,ค่าตอบแทนการปฏิบัติงานนอกเวลาราชการ,งานบริหารทั่วไปเกี่ยวกับอุตสาหกรรมและการโยธา,ค่าตอบแทนการปฏิบัติงานนอกเวลาราชการ,900000.00,0.00,0.00,332120.00,0.00,567880.00
ค่าตอบแทน,ค่าเช่าบ้าน,งานบริหารทั่วไปเกี่ยวกับอุตสาหกรรมและการโยธา,ค่าเช่าบ้าน,312000.00,0.00,0.00,0.00,78000.00,234000.00
ค่าใช้สอย,รายจ่ายเพื่อให้ได้มาซึ่งบริการ,งานบริหารทั่วไปเกี่ยวกับอุตสาหกรรมและการโยธา,01) ค่าจ้างเหมาบริการทำของและการบริการ,200000.00,0.00,0.00,0.00,0.00,200000.00
ค่าใช้สอย,รายจ่ายเกี่ยวเนื่องกับการปฏิบัติราชการที่ไม่เข้าลักษณะรายจ่ายงบรายจ่ายอื่น ๆ,งานบริหารทั่วไปเกี่ยวกับอุตสาหกรรมและการโยธา,01) ค่าลงทะเบียนในการฝึกอบรม,300000.00,0.00,0.00,0.00,0.00,300000.00
ค่าใช้สอย,รายจ่ายเกี่ยวเนื่องกับการปฏิบัติราชการที่ไม่เข้าลักษณะรายจ่ายงบรายจ่ายอื่น ๆ,งานบริหารทั่วไปเกี่ยวกับอุตสาหกรรมและการโยธา,02) ค่าใช้จ่ายในการเดินทางไปราชการในราชอาณาจักร หรือการเดินทางไปราชการต่างประเทศชั่วคราว,600000.00,0.00,0.00,24944.76,155729.56,419325.68
ค่าครุภัณฑ์,ครุภัณฑ์สำนักงาน,งานบริหารทั่วไปเกี่ยวกับอุตสาหกรรมและการโยธา,01) รถเข็นอเนกประสงค์,4170.00,0.00,0.00,4170.00,0.00,0.00
ค่าครุภัณฑ์,ครุภัณฑ์สำนักงาน,งานบริหารทั่วไปเกี่ยวกับอุตสาหกรรมและการโยธา,02) ชั้นวางแฟ้มตั้ง 2 ชั้น 20 ช่อง,6200.00,0.00,0.00,5400.00,0.00,800.00
ค่าครุภัณฑ์,ครุภัณฑ์สำนักงาน,งานบริหารทั่วไปเกี่ยวกับอุตสาหกรรมและการโยธา,03) ชั้นวางแฟ้มตั้ง 4 ชั้น 40 ช่อง,14970.00,0.00,0.00,13200.00,0.00,1770.00
ค่าครุภัณฑ์,ครุภัณฑ์สำนักงาน,งานบริหารทั่วไปเกี่ยวกับอุตสาหกรรมและการโยธา,"04) เครื่องปรับอากาศ แบบแยกส่วน แบบตั้งพื้นหรือแบบแขวน (ระบบ Inverter) ขนาด 40,000 บีทียู",292500.00,0.00,0.00,292000.00,0.00,500.00
ค่าครุภัณฑ์,ครุภัณฑ์สำนักงาน,งานบริหารทั่วไปเกี่ยวกับอุตสาหกรรมและการโยธา,05) เครื่องฟอกอากาศ,52740.00,0.00,0.00,0.00,52740.00,0.00
ค่าครุภัณฑ์,ครุภัณฑ์ก่อสร้าง,งานบริหารทั่วไปเกี่ยวกับอุตสาหกรรมและการโยธา,รถเข็นปูน,5350.00,0.00,0.00,5100.00,0.00,250.00
ค่าครุภัณฑ์,ครุภัณฑ์ไฟฟ้าและวิทยุ,งานบริหารทั่วไปเกี่ยวกับอุตสาหกรรมและการโยธา,เครื่องกำเนิดไฟฟ้า ขนาด 5 กิโลวัตต์,58500.00,0.00,0.00,38500.00,0.00,20000.00
ค่าครุภัณฑ์,ครุภัณฑ์โฆษณาและเผยแพร่,งานบริหารทั่วไปเกี่ยวกับอุตสาหกรรมและการโยธา,อากาศยานไร้คนขับ (โดรน),154080.00,0.00,0.00,154000.00,0.00,80.00
ค่าครุภัณฑ์,ครุภัณฑ์โรงงาน,งานบริหารทั่วไปเกี่ยวกับอุตสาหกรรมและการโยธา,เลื่อยยนต์ บาร์ขนาดไม่น้อยกว่า 11.5 นิ้ว,19050.00,0.00,0.00,19050.00,0.00,0.00
ค่าครุภัณฑ์,ครุภัณฑ์คอมพิวเตอร์หรืออิเล็กทรอนิกส์,งานบริหารทั่วไปเกี่ยวกับอุตสาหกรรมและการโยธา,01) เครื่องคอมพิวเตอร์โน้ตบุ๊ก สำหรับงานประมวลผล,24000.00,0.00,0.00,23900.00,0.00,100.00
ค่าครุภัณฑ์,ครุภัณฑ์คอมพิวเตอร์หรืออิเล็กทรอนิกส์,งานบริหารทั่วไปเกี่ยวกับอุตสาหกรรมและการโยธา,02) เครื่องคอมพิวเตอร์ สำหรับงานประมวลผล แบบที่ 2 (จอแสดงภาพขนาดไม่น้อยกว่า 19 นิ้ว),96000.00,0.00,0.00,96000.00,0.00,0.00
ค่าครุภัณฑ์,ครุภัณฑ์คอมพิวเตอร์หรืออิเล็กทรอนิกส์,งานบริหารทั่วไปเกี่ยวกับอุตสาหกรรมและการโยธา,03) เครื่องพิมพ์เลเซอร์ หรือ LED ขาวดำ ชนิด Network สำหรับกระดาษขนาด A3,53000.00,0.00,0.00,50000.00,0.00,3000.00
เงินเดือน (ฝ่ายประจำ),เงินเดือนข้าราชการ หรือพนักงานส่วนท้องถิ่น,งานก่อสร้าง,เงินเดือนข้าราชการ หรือพนักงานส่วนท้องถิ่น,7688340.00,0.00,0.00,317718.06,929980.00,6440641.94
เงินเดือน (ฝ่ายประจำ),เงินประจำตำแหน่ง,งานก่อสร้าง,เงินประจำตำแหน่ง,60000.00,0.00,0.00,5000.00,15000.00,40000.00
เงินเดือน (ฝ่ายประจำ),ค่าตอบแทนพนักงานจ้าง,งานก่อสร้าง,ค่าตอบแทนพนักงานจ้าง,16387370.00,0.00,0.00,1203428.00,3753684.00,11430258.00
เงินเดือน (ฝ่ายประจำ),เงินเพิ่มต่าง ๆ ของพนักงานจ้าง,งานก่อสร้าง,เงินเพิ่มต่าง ๆ ของพนักงานจ้าง,826850.00,0.00,0.00,100650.00,315600.00,410600.00
ค่าใช้สอย,รายจ่ายเพื่อให้ได้มาซึ่งบริการ,งานก่อสร้าง,01) ค่าจ้างเหมาเครื่องจักรกล,200000.00,0.00,0.00,0.00,0.00,200000.00
ค่าใช้สอย,รายจ่ายเพื่อให้ได้มาซึ่งบริการ,งานก่อสร้าง,02) ค่าจ้างเหมาบริการเพื่อปฏิบัติงานขับเครื่องจักรกลขนาดหนัก,360000.00,0.00,0.00,150000.00,30000.00,180000.00
ค่าใช้สอย,รายจ่ายเพื่อให้ได้มาซึ่งบริการ,งานก่อสร้าง,03) ค่าจ้างเหมาออกแบบ เขียนแบบ และตกแต่งอาคารสถานที่,600000.00,0.00,0.00,0.00,0.00,600000.00
ค่าวัสดุ,วัสดุก่อสร้าง,งานก่อสร้าง,วัสดุก่อสร้าง,7500000.00,0.00,0.00,9650.00,387006.00,7103344.00
ค่าวัสดุ,วัสดุยานพาหนะและขนส่ง,งานก่อสร้าง,วัสดุยานพาหนะและขนส่ง,2000000.00,0.00,0.00,18700.00,931914.60,1049385.40
ค่าวัสดุ,วัสดุเชื้อเพลิงและหล่อลื่น,งานก่อสร้าง,วัสดุเชื้อเพลิงและหล่อลื่น,12500000.00,0.00,3607200.00,1278893.40,758306.60,6855600.00
ค่าวัสดุ,วัสดุวิทยาศาสตร์หรือการแพทย์,งานก่อสร้าง,วัสดุวิทยาศาสตร์หรือการแพทย์,30000.00,0.00,0.00,0.00,2250.00,27750.00
ค่าที่ดินและสิ่งก่อสร้าง,ค่าติดตั้งระบบไฟฟ้าและอุปกรณ์ ซึ่งเป็นการติดตั้งครั้งแรกในอาคารหรือสถานที่ราชการพร้อมการก่อสร้าง หรือภายหลังการก่อสร้าง,งานก่อสร้าง,ติดตั้งตู้ควบคุมระบบไฟฟ้า MDB และระบบสายเมน ภายนอกอาคารพร้อมตู้ MCB โรงเรียนองค์การบริหารส่วนจังหวัดลำพูน ป่าป๋วย,738644.00,0.00,0.00,0.00,0.00,738644.00
ค่าที่ดินและสิ่งก่อสร้าง,ค่าก่อสร้างสิ่งสาธารณูปการ,งานก่อสร้าง,01) โครงการก่อสร้างถนนคอนกรีตเสริมเหล็ก สายทางบ้านศรีชุม หมู่ที่ 5 ตำบลบ้านกลาง เชื่อมบ้านศรีบัวบาน หมู่ที่ 1 ตำบลศรีบัวบาน อำเภอเมืองลำพูน จังหวัดลำพูน,2746000.00,0.00,0.00,0.00,0.00,2746000.00
ค่าที่ดินและสิ่งก่อสร้าง,ค่าก่อสร้างสิ่งสาธารณูปการ,งานก่อสร้าง,02) โครงการก่อสร้างรางระบายน้ำคอนกรีตเสริมเหล็ก รหัสทางหลวงท้องถิ่น ลพ.ถ 28-005 สายบ้านพระยืน - บ้านร่องไร่ บริเวณบ้านพระยืน หมู่ที่ 1 ตำบลเวียงยอง เชื่อมบ้านประตูโขง หมู่ที่ 10 ตำบลบ้านกลาง อำเภอเมืองลำพูน จังหวัดลำพูน,2815000.00,0.00,0.00,0.00,0.00,2815000.00
ค่าที่ดินและสิ่งก่อสร้าง,ค่าก่อสร้างสิ่งสาธารณูปการ,งานก่อสร้าง,03) โครงการก่อสร้างถนนคอนกรีตเสริมเหล็ก สายทางบ้านเส้ง หมู่ที่ 7 ตำบลบ้านแป้น เชื่อมบ้านกอข่อย หมู่ที่ 6 ตำบลหนองหนาม อำเภอเมืองลำพูน จังหวัดลำพูน,1711000.00,0.00,0.00,0.00,0.00,1711000.00
ค่าที่ดินและสิ่งก่อสร้าง,ค่าก่อสร้างสิ่งสาธารณูปการ,งานก่อสร้าง,04) โครงการก่อสร้างรางระบายน้ำคอนกรีตเสริมเหล็ก สายทาง ลพ.ถ 10006 แยกทางหลวงหมายเลข 1147  - บ้านร้องกองข้าว บริเวณบ้านแม่หาด หมู่ที่ 7 ถึงคลองชลประทาน หมู่ที่ 7 ตำบลห้วยยาบ อำเภอบ้านธิ จังหวัดลำพูน (ถนนถ่ายโอนฯ),2107000.00,0.00,0.00,0.00,0.00,2107000.00
ค่าที่ดินและสิ่งก่อสร้าง,ค่าก่อสร้างสิ่งสาธารณูปการ,งานก่อสร้าง,05) โครงการก่อสร้างสะพานคอนกรีตเสริมเหล็ก บ้านไร่ หมู่ที่ 1 ตำบลม่วงน้อย เชื่อมบ้านตีนดอย หมู่ที่ 2 ตำบลมะกอก อำเภอป่าซาง จังหวัดลำพูน,1757000.00,0.00,0.00,0.00,0.00,1757000.00
ค่าที่ดินและสิ่งก่อสร้าง,ค่าก่อสร้างสิ่งสาธารณูปการ,งานก่อสร้าง,06) โครงการก่อสร้างรางระบายน้ำคอนกรีตเสริมเหล็ก สายทาง ลพ.ถ. 10020 สายบ้านสันห้างเสือ – บ้านเวียงหนองล่อง บริเวณบ้านห้วยอ้อ หมู่ที่ 2 ตำบลน้ำดิบ อำเภอป่าซาง จังหวัดลำพูน (ถนนถ่ายโอนฯ),1723900.00,0.00,0.00,0.00,0.00,1723900.00
ค่าที่ดินและสิ่งก่อสร้าง,ค่าก่อสร้างสิ่งสาธารณูปการ,งานก่อสร้าง,07) โครงการก่อสร้างถนนคอนกรีตเสริมเหล็ก สายทางบ้านหนองเงือก (ป่าคา) หมู่ที่ 5 ตำบลแม่แรง เชื่อมบ้านสารภีชัย หมู่ที่ 12 ตำบลท่าตุ้ม อำเภอป่าซาง จังหวัดลำพูน,1161400.00,0.00,0.00,0.00,0.00,1161400.00
ค่าที่ดินและสิ่งก่อสร้าง,ค่าก่อสร้างสิ่งสาธารณูปการ,งานก่อสร้าง,08) โครงการก่อสร้างรางระบายน้ำคอนกรีตเสริมเหล็ก สายทาง ลพ.ถ. 10002 สายบ้านไร่ดง - บ้านหนองเงือก บริเวณบ้านหนองเงือก หมู่ที่ 5 ตำบลแม่แรง อำเภอป่าซาง จังหวัดลำพูน (ถนนถ่ายโอนฯ),2417100.00,0.00,0.00,0.00,0.00,2417100.00
ค่าที่ดินและสิ่งก่อสร้าง,ค่าก่อสร้างสิ่งสาธารณูปการ,งานก่อสร้าง,09) โครงการก่อสร้างถนนคอนกรีตเสริมเหล็ก สายทางเลียบดอยช้าง บ้านห้วยกาน หมู่ที่ 1 (ทต.บ้านโฮ่ง) เชื่อมบ้านป่าป๋วย หมู่ที่ 3 (อบต.เวียงกานต์) ตำบลบ้านโฮ่ง อำเภอบ้านโฮ่ง จังหวัดลำพูน,1945800.00,0.00,0.00,0.00,0.00,1945800.00
ค่าที่ดินและสิ่งก่อสร้าง,ค่าก่อสร้างสิ่งสาธารณูปการ,งานก่อสร้าง,10) โครงการก่อสร้างถนนคอนกรีตเสริมเหล็ก สายทางบ้านดงขี้เหล็ก หมู่ที่ 5 ตำบลศรีเตี้ย เชื่อมบ้านปากล้อง หมู่ที่ 8 ตำบลหนองปลาสะวาย อำเภอบ้านโฮ่ง จังหวัดลำพูน,2234700.00,0.00,0.00,0.00,0.00,2234700.00
ค่าที่ดินและสิ่งก่อสร้าง,ค่าก่อสร้างสิ่งสาธารณูปการ,งานก่อสร้าง,11) โครงการก่อสร้างถนนคอนกรีตเสริมเหล็ก สายทางบ้านเด่นยางมูล หมู่ที่ 12 -  บ้านเด่นทรายมูล หมู่ที่ 14 ตำบลนาทราย เชื่อมทางหลวงชนบท ลพ. 3017 บ้านแพะหนองห้า หมู่ที่ 13 ตำบลลี้ อำเภอลี้ จังหวัดลำพูน,1900000.00,0.00,0.00,0.00,0.00,1900000.00
ค่าที่ดินและสิ่งก่อสร้าง,ค่าก่อสร้างสิ่งสาธารณูปการ,งานก่อสร้าง,12) โครงการก่อสร้างถนนคอนกรีตเสริมเหล็ก สายหนองคำหลี้ บ้านผาต้าย หมู่ที่ 1 ตำบลแม่ลาน เชื่อมทางหลวงหมายเลข 1087 ตำบลก้อ อำเภอลี้ จังหวัดลำพูน,951000.00,0.00,0.00,0.00,0.00,951000.00
ค่าที่ดินและสิ่งก่อสร้าง,ค่าก่อสร้างสิ่งสาธารณูปการ,งานก่อสร้าง,13)  โครงการก่อสร้างถนนคอนกรีตเสริมเหล็ก สายทางบ้านดงดำ (ต้นมะม่วงหลวง) หมู่ที่ 2 ตำบลดงดำ เชื่อมบ้านแม่หว่างห้วยรินเสรีธรรม หมู่ที่ 10 ตำบลนาทราย อำเภอลี้ จังหวัดลำพูน,2494000.00,0.00,0.00,0.00,0.00,2494000.00
ค่าที่ดินและสิ่งก่อสร้าง,ค่าก่อสร้างสิ่งสาธารณูปการ,งานก่อสร้าง,14)  โครงการก่อสร้างรางระบายน้ำคอนกรีตเสริมเหล็ก สายทางแยกทางหลวงชนบท ลพ. 3008 บ้านวังดินใหม่ หมู่ที่ 14 ตำบลลี้ เชื่อมถนนทางหลวงหมายเลข 106 ตำบลป่าไผ่ อำเภอลี้ จังหวัดลำพูน,2678000.00,0.00,0.00,0.00,0.00,2678000.00
ค่าที่ดินและสิ่งก่อสร้าง,ค่าก่อสร้างสิ่งสาธารณูปการ,งานก่อสร้าง,"15)  โครงการก่อสร้างถนนลาดยางแอสฟัลต์คอนกรีต สายทางเลียบลำน้ำแม่ทา ทางเชื่อม บ้านทาร้องเรือ หมู่ที่ 6 – บ้านดง หมู่ที่ 13 (ฝั่งขวา) ตำบลทาสบเส้า 
เชื่อมถนนโครงข่ายเข้าพื้นที่ เทศบาลตำบลทาสบชัย อำเภอแม่ทา จังหวัดลำพูน",2479900.00,0.00,0.00,0.00,0.00,2479900.00
ค่าที่ดินและสิ่งก่อสร้าง,ค่าก่อสร้างสิ่งสาธารณูปการ,งานก่อสร้าง,16) โครงการก่อสร้างถนนคอนกรีตเสริมเหล็ก สายทางบ้านห้วยปันจ๊อย หมู่ที่ 2 ตำบลหนองยวง เชื่อมบ้านเหล่าปงเสือ หมู่ที่ 2 ตำบลวังผาง อำเภอเวียงหนองล่อง จังหวัดลำพูน,2050000.00,0.00,0.00,0.00,0.00,2050000.00
ค่าที่ดินและสิ่งก่อสร้าง,ค่าก่อสร้างสิ่งสาธารณูปการ,งานก่อสร้าง,17) โครงการก่อสร้างคลองส่งน้ำคอนกรีตเสริมเหล็ก ฝายปู่เสาร์ บ้านห้วยห้าง หมู่ที่ 7 ตำบลตะเคียนปม อำเภอทุ่งหัวช้าง จังหวัดลำพูน เชื่อมแม่น้ำลี้,1158000.00,0.00,0.00,0.00,0.00,1158000.00
ค่าที่ดินและสิ่งก่อสร้าง,ค่าก่อสร้างสิ่งสาธารณูปการ,งานก่อสร้าง,18) โครงการก่อสร้างคลองส่งน้ำคอนกรีตเสริมเหล็ก ฝายปู่ขิง บ้านห้วยไร่ หมู่ที่ 8 ตำบลตะเคียนปม อำเภอทุ่งหัวช้าง จังหวัดลำพูน เชื่อมแม่น้ำลี้,1951000.00,0.00,0.00,0.00,0.00,1951000.00
ค่าที่ดินและสิ่งก่อสร้าง,ค่าก่อสร้างสิ่งสาธารณูปการ,งานก่อสร้าง,19) โครงการก่อสร้างถนนลาดยางแอสฟัลต์คอนกรีต สายทาง ลพ.ถ 10040 สาย 2L – 11R – LMC บริเวณบ้านศรีดอนชัย หมู่ที่ 8 เชื่อมบ้านสันมะนะ หมู่ที่ 10 ตำบลบ้านธิ อำเภอบ้านธิ จังหวัดลำพูน (ถนนถ่ายโอนฯ),1140900.00,0.00,0.00,0.00,0.00,1140900.00
ค่าที่ดินและสิ่งก่อสร้าง,ค่าก่อสร้างสิ่งสาธารณูปการ,งานก่อสร้าง,20) โครงการก่อสร้างป้ายและรั้วโรงพยาบาลส่งเสริมสุขภาพตำบลตำบลบ้านปวง,435000.00,0.00,0.00,0.00,0.00,435000.00
ค่าที่ดินและสิ่งก่อสร้าง,ค่าปรับปรุงที่ดินและสิ่งก่อสร้าง,งานก่อสร้าง,01) โครงการปรับปรุงบริเวณชั้น 1 อาคารสำนักงานองค์การบริหารส่วนจังหวัดลำพูน,5087700.00,0.00,0.00,0.00,0.00,5087700.00
ค่าที่ดินและสิ่งก่อสร้าง,ค่าปรับปรุงที่ดินและสิ่งก่อสร้าง,งานก่อสร้าง,02) โครงการปรับปรุงระบบประปาองค์การบริหารส่วนจังหวัดลำพูน,3288000.00,0.00,0.00,0.00,0.00,3288000.00
ค่าที่ดินและสิ่งก่อสร้าง,ค่าปรับปรุงที่ดินและสิ่งก่อสร้าง,งานก่อสร้าง,03) ปรับปรุงซ่อมแซมโรงเรียนองค์การบริหารส่วนจังหวัดลำพูน ป่าแป๋,2757000.00,0.00,0.00,0.00,0.00,2757000.00
ค่าที่ดินและสิ่งก่อสร้าง,ค่าปรับปรุงที่ดินและสิ่งก่อสร้าง,งานก่อสร้าง,04) โครงการปรับปรุงต่อเติมอาคารทดสอบวัสดุภายใน สำนักงานองค์การบริหารส่วนจังหวัดลำพูน,272000.00,0.00,0.00,0.00,0.00,272000.00
ค่าที่ดินและสิ่งก่อสร้าง,ค่าปรับปรุงที่ดินและสิ่งก่อสร้าง,งานก่อสร้าง,05) โครงการปรับปรุงซ่อมแซมและก่อสร้างห้องเตรียมเครื่องมือ/นึ่งอุปกรณ์การแพทย์ โรงพยาบาลส่งเสริมสุขภาพตำบลบ้านวังสวนกล้วย,346000.00,0.00,0.00,0.00,0.00,346000.00
ค่าที่ดินและสิ่งก่อสร้าง,ค่าปรับปรุงที่ดินและสิ่งก่อสร้าง,งานก่อสร้าง,06) โครงการปรับปรุงถนนลาดยางแอสฟัลต์คอนกรีต โดยวิธีเสริมผิวแอสฟัลต์คอนกรีต (Over Lay) สายทางบ้านล่ามช้าง - บ้านล้องเดื่อ หมู่ที่ 2 ตำบลประตูป่า อำเภอเมืองลำพูน  จังหวัดลำพูน เชื่อมบ้านร้องเดื่อ หมู่ที่ 4 ตำบลท่ากว้าง อำเภอสารภี จังหวัดเชียงใหม่,2517000.00,0.00,0.00,0.00,0.00,2517000.00
ค่าที่ดินและสิ่งก่อสร้าง,ค่าปรับปรุงที่ดินและสิ่งก่อสร้าง,งานก่อสร้าง,07) โครงการปรับปรุงถนนลาดยางแอสฟัลต์คอนกรีตและถนนคอนกรีตเสริมเหล็ก โดยวิธีเสริมผิวแอสฟัลต์คอนกรีต (Over Lay) สายทางบ้านหนองช้างคืน หมู่ที่ 4 ตำบลหนองช้างคืน เชื่อมบ้านป่าแขม หมู่ที่ 7 ตำบลเหมืองง่า อำเภอเมืองลำพูน จังหวัดลำพูน,2539000.00,0.00,0.00,0.00,0.00,2539000.00
ค่าที่ดินและสิ่งก่อสร้าง,ค่าปรับปรุงที่ดินและสิ่งก่อสร้าง,งานก่อสร้าง,08) โครงการซ่อมสร้างถนนลาดยางแอสฟัลต์คอนกรีต โดยวิธี Pavement In - Place Recycling สายทางบ้านกอข่อย หมู่ที่ 6 ตำบลหนองหนาม เชื่อมบ้านหนองท่า หมู่ที่ 11 ตำบลป่าสัก อำเภอเมืองลำพูน จังหวัดลำพูน,2547000.00,0.00,0.00,0.00,0.00,2547000.00
ค่าที่ดินและสิ่งก่อสร้าง,ค่าปรับปรุงที่ดินและสิ่งก่อสร้าง,งานก่อสร้าง,"09) โครงการปรับปรุงถนนลาดยางแอสฟัลต์คอนกรีตและถนนคอนกรีตเสริมเหล็ก โดยวิธีเสริมผิวแอสฟัลต์คอนกรีต (Over Lay) สายทางบ้านมะเขือแจ้ หมู่ที่ 1, บ้านป่าตึง หมู่ที่ 14 ตำบลมะเขือแจ้ เชื่อมถนนเลียบคลองชลประทาน ตำบลศรีบัวบาน 
    อำเภอเมืองลำพูน จังหวัดลำพูน",1870000.00,0.00,0.00,0.00,0.00,1870000.00
ค่าที่ดินและสิ่งก่อสร้าง,ค่าปรับปรุงที่ดินและสิ่งก่อสร้าง,งานก่อสร้าง,10) โครงการปรับปรุงถนนลาดยางแอสฟัลต์คอนกรีต โดยวิธีเสริมผิวแอสฟัลต์คอนกรีต (Over Lay) สายทางบ้านเหล่าพระเจ้าตาเขียว หมู่ที่ 2 ตำบลบ้านเรือน เชื่อมบ้านดอนตอง หมู่ที่ 4 ตำบลแม่แรง อำเภอป่าซาง จังหวัดลำพูน,2025100.00,0.00,0.00,0.00,0.00,2025100.00
ค่าที่ดินและสิ่งก่อสร้าง,ค่าปรับปรุงที่ดินและสิ่งก่อสร้าง,งานก่อสร้าง,"11) โครงการซ่อมสร้างถนนลาดยางแอสฟัลต์คอนกรีตโดยวิธี Pavement In – Place Recycling สายทาง ลพ.ถ 10017 สายทางแยก ทล. 1156 - บ้านหนองสมณะ (ถนนถ่ายโอนฯ) บ้านเรือน หมู่ที่ 3 - บ้านหนองสมณะ หมู่ที่ 2 ตำบลนครเจดีย์  
    อำเภอป่าซาง จำงหวัดลำพูน (ถนนถ่ายโอนฯ)",1327600.00,0.00,0.00,0.00,0.00,1327600.00
ค่าที่ดินและสิ่งก่อสร้าง,ค่าปรับปรุงที่ดินและสิ่งก่อสร้าง,งานก่อสร้าง,12) โครงการซ่อมสร้างถนนลาดยางแอสฟัลต์คอนกรีตโดยวิธี Pavement In – Place Recycling สายทาง ลพ.ถ 10026 บ้านใหม่บวกคะยอม - บ้านหนองเกิด อำเภอป่าซาง จังหวัดลำพูน (ถนนถ่ายโอนฯ),1321400.00,0.00,0.00,0.00,0.00,1321400.00
ค่าที่ดินและสิ่งก่อสร้าง,ค่าชดเชยสัญญาแบบปรับราคาได้ (ค่า K),งานก่อสร้าง,,50000.00,0.00,0.00,0.00,21247.54,28752.46
รายจ่ายอื่น,รายจ่ายอื่น,งานก่อสร้าง,ค่าใช้จ่ายให้แก่คู่สัญญา โครงการก่อสร้างบ้านพักครู แบบ สปช.303/28 (ขนาด 6 หน่วย) ของโรงเรียนองค์การบริหารส่วนจังหวัดลำพูน ป่าป๋วย,0.00,3607200.00,0.00,3607200.00,0.00,0.00
ค่าใช้สอย,รายจ่ายเกี่ยวเนื่องกับการปฏิบัติราชการที่ไม่เข้าลักษณะรายจ่ายงบรายจ่ายอื่น ๆ,งานส่งเสริมการเกษตร,01) โครงการช่วยเหลือประชาชนด้านการให้ความช่วยเหลือเกษตรกรผู้มีรายได้น้อยขององค์การบริหารส่วนจังหวัดลำพูน,100000.00,0.00,0.00,0.00,0.00,100000.00
ค่าใช้สอย,รายจ่ายเกี่ยวเนื่องกับการปฏิบัติราชการที่ไม่เข้าลักษณะรายจ่ายงบรายจ่ายอื่น ๆ,งานส่งเสริมการเกษตร,02) โครงการฝึกอบรมพัฒนาทักษะการปลูกหม่อนเลี้ยงไหมขององค์การบริหารส่วนจังหวัดลำพูน,100000.00,0.00,0.00,0.00,0.00,100000.00
ค่าใช้สอย,รายจ่ายเกี่ยวเนื่องกับการปฏิบัติราชการที่ไม่เข้าลักษณะรายจ่ายงบรายจ่ายอื่น ๆ,งานส่งเสริมการเกษตร,03) โครงการอนุรักษ์พื้นฟูธรรมชาติและสิ่งแวดล้อมในจังหวัดลำพูน,300000.00,0.00,100000.00,0.00,0.00,200000.00
ค่าใช้สอย,รายจ่ายเกี่ยวเนื่องกับการปฏิบัติราชการที่ไม่เข้าลักษณะรายจ่ายงบรายจ่ายอื่น ๆ,งานสิ่งแวดล้อมและทรัพยากรธรรมชาติ,01) โครงการส่งเสริมและฟื้นฟูพื้นที่สีเขียว,300000.00,0.00,150000.00,0.00,0.00,150000.00